5;2;2;3;1;2;true;[
[ 1 ],;;;;;;;
[ 25 ];;;;;;;
];;;;;;;
5;2;2;4;2;2;true;[
[ 1, 2 ],;;;;;;;
[ 25, 50 ];;;;;;;
];;;;;;;
5;2;2;5;1;2;true;[
[ 1 ],;;;;;;;
[ 25 ];;;;;;;
];;;;;;;
5;2;2;6;1;2;true;[
[ 1 ],;;;;;;;
[ 25 ];;;;;;;
];;;;;;;
5;2;2;7;1;2;true;[
[ 1 ],;;;;;;;
[ 25 ];;;;;;;
];;;;;;;
5;2;2;8;1;2;true;[
[ 1 ],;;;;;;;
[ 25 ];;;;;;;
];;;;;;;
5;2;2;9;1;2;true;[
[ 1 ],;;;;;;;
[ 25 ];;;;;;;
];;;;;;;
5;2;2;10;3;2;true;[
[ 1, 2, 5 ],;;;;;;;
[ 25, 50, 125 ];;;;;;;
];;;;;;;
5;2;2;11;3;2;true;[
[ 1, 2, 5 ],;;;;;;;
[ 25, 50, 125 ];;;;;;;
];;;;;;;
5;2;2;12;3;2;true;[
[ 1, 2, 5 ],;;;;;;;
[ 25, 50, 125 ];;;;;;;
];;;;;;;
5;2;2;13;3;2;true;[
[ 1, 2, 5 ],;;;;;;;
[ 25, 50, 125 ];;;;;;;
];;;;;;;
5;2;2;14;3;2;true;[
[ 1, 2, 5 ],;;;;;;;
[ 25, 50, 125 ];;;;;;;
];;;;;;;
5;2;2;15;4;2;true;[
[ 1, 2, 3, 5 ],;;;;;;;
[ 25, 50, 75, 125 ];;;;;;;
];;;;;;;
5;2;2;16;4;2;true;[
[ 1, 2, 3, 5 ],;;;;;;;
[ 25, 50, 75, 125 ];;;;;;;
];;;;;;;
5;2;2;17;4;2;true;[
[ 1, 2, 3, 5 ],;;;;;;;
[ 25, 50, 75, 125 ];;;;;;;
];;;;;;;
5;2;2;18;4;2;true;[
[ 1, 2, 3, 5 ],;;;;;;;
[ 25, 50, 75, 125 ];;;;;;;
];;;;;;;
5;2;2;19;4;2;true;[
[ 1, 2, 3, 5 ],;;;;;;;
[ 25, 50, 75, 125 ];;;;;;;
];;;;;;;
5;2;2;20;6;2;true;[
[ 1, 2, 3, 4, 5, 10 ],;;;;;;;
[ 25, 50, 75, 100, 125, 250 ];;;;;;;
];;;;;;;
5;2;2;21;6;2;true;[
[ 1, 2, 3, 4, 5, 10 ],;;;;;;;
[ 25, 50, 75, 100, 125, 250 ];;;;;;;
];;;;;;;
5;2;2;22;6;2;true;[
[ 1, 2, 3, 4, 5, 10 ],;;;;;;;
[ 25, 50, 75, 100, 125, 250 ];;;;;;;
];;;;;;;
5;2;2;23;6;2;true;[
[ 1, 2, 3, 4, 5, 10 ],;;;;;;;
[ 25, 50, 75, 100, 125, 250 ];;;;;;;
];;;;;;;
5;2;2;24;6;2;true;[
[ 1, 2, 3, 4, 5, 10 ],;;;;;;;
[ 25, 50, 75, 100, 125, 250 ];;;;;;;
];;;;;;;
5;2;2;25;6;2;true;[
[ 1, 2, 3, 4, 5, 10 ],;;;;;;;
[ 25, 50, 75, 100, 125, 250 ];;;;;;;
];;;;;;;
5;2;2;26;6;2;true;[
[ 1, 2, 3, 4, 5, 10 ],;;;;;;;
[ 25, 50, 75, 100, 125, 250 ];;;;;;;
];;;;;;;
5;2;2;27;6;2;true;[
[ 1, 2, 3, 4, 5, 10 ],;;;;;;;
[ 25, 50, 75, 100, 125, 250 ];;;;;;;
];;;;;;;
5;2;2;28;6;2;true;[
[ 1, 2, 3, 4, 5, 10 ],;;;;;;;
[ 25, 50, 75, 100, 125, 250 ];;;;;;;
];;;;;;;
5;2;2;29;6;2;true;[
[ 1, 2, 3, 4, 5, 10 ],;;;;;;;
[ 25, 50, 75, 100, 125, 250 ];;;;;;;
];;;;;;;
5;2;2;30;8;2;true;[
[ 1, 2, 3, 4, 5, 6, 10, 15 ],;;;;;;;
[ 25, 50, 75, 100, 125, 150, 250, 375 ];;;;;;;
];;;;;;;
5;2;2;31;8;2;true;[
[ 1, 2, 3, 4, 5, 6, 10, 15 ],;;;;;;;
[ 25, 50, 75, 100, 125, 150, 250, 375 ];;;;;;;
];;;;;;;
5;2;2;32;8;2;true;[
[ 1, 2, 3, 4, 5, 6, 10, 15 ],;;;;;;;
[ 25, 50, 75, 100, 125, 150, 250, 375 ];;;;;;;
];;;;;;;
5;2;2;33;8;2;true;[
[ 1, 2, 3, 4, 5, 6, 10, 15 ],;;;;;;;
[ 25, 50, 75, 100, 125, 150, 250, 375 ];;;;;;;
];;;;;;;
5;2;2;34;8;2;true;[
[ 1, 2, 3, 4, 5, 6, 10, 15 ],;;;;;;;
[ 25, 50, 75, 100, 125, 150, 250, 375 ];;;;;;;
];;;;;;;
5;2;2;35;9;4;true;[
[ 1, 2, 3, 4, 5, 6, 7, 10, 25 ],;;;;;;;
[ 1, 25, 50, 75, 100, 125, 150, 175, 250 ],;;;;;;;
[ 1, 2, 3, 4, 5, 6, 7, 10, 15 ],;;;;;;;
[ 25, 50, 75, 100, 125, 150, 175, 250, 375 ];;;;;;;
];;;;;;;
5;2;2;36;9;4;true;[
[ 1, 2, 3, 4, 5, 6, 7, 10, 25 ],;;;;;;;
[ 1, 25, 50, 75, 100, 125, 150, 175, 250 ],;;;;;;;
[ 1, 2, 3, 4, 5, 6, 7, 10, 15 ],;;;;;;;
[ 25, 50, 75, 100, 125, 150, 175, 250, 375 ];;;;;;;
];;;;;;;
5;2;2;37;9;4;true;[
[ 1, 2, 3, 4, 5, 6, 7, 10, 25 ],;;;;;;;
[ 1, 25, 50, 75, 100, 125, 150, 175, 250 ],;;;;;;;
[ 1, 2, 3, 4, 5, 6, 7, 10, 15 ],;;;;;;;
[ 25, 50, 75, 100, 125, 150, 175, 250, 375 ];;;;;;;
];;;;;;;
5;2;2;38;9;4;true;[
[ 1, 2, 3, 4, 5, 6, 7, 10, 25 ],;;;;;;;
[ 1, 25, 50, 75, 100, 125, 150, 175, 250 ],;;;;;;;
[ 1, 2, 3, 4, 5, 6, 7, 10, 15 ],;;;;;;;
[ 25, 50, 75, 100, 125, 150, 175, 250, 375 ];;;;;;;
];;;;;;;
5;2;2;39;9;4;true;[
[ 1, 2, 3, 4, 5, 6, 7, 10, 25 ],;;;;;;;
[ 1, 25, 50, 75, 100, 125, 150, 175, 250 ],;;;;;;;
[ 1, 2, 3, 4, 5, 6, 7, 10, 15 ],;;;;;;;
[ 25, 50, 75, 100, 125, 150, 175, 250, 375 ];;;;;;;
];;;;;;;
5;2;2;40;11;4;true;[
[ 1, 2, 3, 4, 5, 6, 7, 8, 10, 15, 25 ],;;;;;;;
[ 1, 25, 50, 75, 100, 125, 150, 175, 200, 250, 375 ],;;;;;;;
[ 1, 2, 3, 4, 5, 6, 7, 8, 10, 15, 20 ],;;;;;;;
[ 25, 50, 75, 100, 125, 150, 175, 200, 250, 375, 500 ];;;;;;;
];;;;;;;
5;2;2;41;11;4;true;[
[ 1, 2, 3, 4, 5, 6, 7, 8, 10, 15, 25 ],;;;;;;;
[ 1, 25, 50, 75, 100, 125, 150, 175, 200, 250, 375 ],;;;;;;;
[ 1, 2, 3, 4, 5, 6, 7, 8, 10, 15, 20 ],;;;;;;;
[ 25, 50, 75, 100, 125, 150, 175, 200, 250, 375, 500 ];;;;;;;
];;;;;;;
5;2;2;42;11;4;true;[
[ 1, 2, 3, 4, 5, 6, 7, 8, 10, 15, 25 ],;;;;;;;
[ 1, 25, 50, 75, 100, 125, 150, 175, 200, 250, 375 ],;;;;;;;
[ 1, 2, 3, 4, 5, 6, 7, 8, 10, 15, 20 ],;;;;;;;
[ 25, 50, 75, 100, 125, 150, 175, 200, 250, 375, 500 ];;;;;;;
];;;;;;;
5;2;2;43;11;4;true;[
[ 1, 2, 3, 4, 5, 6, 7, 8, 10, 15, 25 ],;;;;;;;
[ 1, 25, 50, 75, 100, 125, 150, 175, 200, 250, 375 ],;;;;;;;
[ 1, 2, 3, 4, 5, 6, 7, 8, 10, 15, 20 ],;;;;;;;
[ 25, 50, 75, 100, 125, 150, 175, 200, 250, 375, 500 ];;;;;;;
];;;;;;;
5;2;2;44;11;4;true;[
[ 1, 2, 3, 4, 5, 6, 7, 8, 10, 15, 25 ],;;;;;;;
[ 1, 25, 50, 75, 100, 125, 150, 175, 200, 250, 375 ],;;;;;;;
[ 1, 2, 3, 4, 5, 6, 7, 8, 10, 15, 20 ],;;;;;;;
[ 25, 50, 75, 100, 125, 150, 175, 200, 250, 375, 500 ];;;;;;;
];;;;;;;
5;2;2;45;13;2;true;[
[ 1, 2, 3, 4, 5, 6, 7, 8, 9, 10, 15, 20, 25 ],;;;;;;;
[ 1, 25, 50, 75, 100, 125, 150, 175, 200, 225, 250, 375, 500 ];;;;;;;
];;;;;;;
5;2;2;46;13;2;true;[
[ 1, 2, 3, 4, 5, 6, 7, 8, 9, 10, 15, 20, 25 ],;;;;;;;
[ 1, 25, 50, 75, 100, 125, 150, 175, 200, 225, 250, 375, 500 ];;;;;;;
];;;;;;;
5;2;2;47;13;2;true;[
[ 1, 2, 3, 4, 5, 6, 7, 8, 9, 10, 15, 20, 25 ],;;;;;;;
[ 1, 25, 50, 75, 100, 125, 150, 175, 200, 225, 250, 375, 500 ];;;;;;;
];;;;;;;
5;2;2;48;13;2;true;[
[ 1, 2, 3, 4, 5, 6, 7, 8, 9, 10, 15, 20, 25 ],;;;;;;;
[ 1, 25, 50, 75, 100, 125, 150, 175, 200, 225, 250, 375, 500 ];;;;;;;
];;;;;;;
5;2;2;49;13;2;true;[
[ 1, 2, 3, 4, 5, 6, 7, 8, 9, 10, 15, 20, 25 ],;;;;;;;
[ 1, 25, 50, 75, 100, 125, 150, 175, 200, 225, 250, 375, 500 ];;;;;;;
];;;;;;;
5;2;2;50;13;2;true;[
[ 1, 2, 3, 4, 5, 6, 7, 8, 9, 10, 15, 20, 25 ],;;;;;;;
[ 1, 25, 50, 75, 100, 125, 150, 175, 200, 225, 250, 375, 500 ];;;;;;;
];;;;;;;
5;2;2;51;13;2;true;[
[ 1, 2, 3, 4, 5, 6, 7, 8, 9, 10, 15, 20, 25 ],;;;;;;;
[ 1, 25, 50, 75, 100, 125, 150, 175, 200, 225, 250, 375, 500 ];;;;;;;
];;;;;;;
5;2;2;52;13;2;true;[
[ 1, 2, 3, 4, 5, 6, 7, 8, 9, 10, 15, 20, 25 ],;;;;;;;
[ 1, 25, 50, 75, 100, 125, 150, 175, 200, 225, 250, 375, 500 ];;;;;;;
];;;;;;;
5;2;2;53;13;2;true;[
[ 1, 2, 3, 4, 5, 6, 7, 8, 9, 10, 15, 20, 25 ],;;;;;;;
[ 1, 25, 50, 75, 100, 125, 150, 175, 200, 225, 250, 375, 500 ];;;;;;;
];;;;;;;
5;2;2;54;13;2;true;[
[ 1, 2, 3, 4, 5, 6, 7, 8, 9, 10, 15, 20, 25 ],;;;;;;;
[ 1, 25, 50, 75, 100, 125, 150, 175, 200, 225, 250, 375, 500 ];;;;;;;
];;;;;;;
5;2;2;55;14;2;true;[
[ 1, 2, 3, 4, 5, 6, 7, 8, 9, 10, 11, 15, 20, 25 ],;;;;;;;
[ 1, 25, 50, 75, 100, 125, 150, 175, 200, 225, 250, 275, 375, 500 ];;;;;;;
];;;;;;;
5;2;2;56;14;2;true;[
[ 1, 2, 3, 4, 5, 6, 7, 8, 9, 10, 11, 15, 20, 25 ],;;;;;;;
[ 1, 25, 50, 75, 100, 125, 150, 175, 200, 225, 250, 275, 375, 500 ];;;;;;;
];;;;;;;
5;2;2;57;14;2;true;[
[ 1, 2, 3, 4, 5, 6, 7, 8, 9, 10, 11, 15, 20, 25 ],;;;;;;;
[ 1, 25, 50, 75, 100, 125, 150, 175, 200, 225, 250, 275, 375, 500 ];;;;;;;
];;;;;;;
5;2;2;58;14;2;true;[
[ 1, 2, 3, 4, 5, 6, 7, 8, 9, 10, 11, 15, 20, 25 ],;;;;;;;
[ 1, 25, 50, 75, 100, 125, 150, 175, 200, 225, 250, 275, 375, 500 ];;;;;;;
];;;;;;;
5;2;2;59;14;2;true;[
[ 1, 2, 3, 4, 5, 6, 7, 8, 9, 10, 11, 15, 20, 25 ],;;;;;;;
[ 1, 25, 50, 75, 100, 125, 150, 175, 200, 225, 250, 275, 375, 500 ];;;;;;;
];;;;;;;
5;2;2;60;16;2;true;[
[ 1, 25, 50, 75, 100, 125, 126, 150, 175, 200, 225, 250, 275, 300, 375, 500 ],;;;;;;;
[ 1, 2, 3, 4, 5, 6, 7, 8, 9, 10, 11, 12, 15, 20, 25, 30 ];;;;;;;
];;;;;;;
5;2;2;61;16;2;true;[
[ 1, 25, 50, 75, 100, 125, 126, 150, 175, 200, 225, 250, 275, 300, 375, 500 ],;;;;;;;
[ 1, 2, 3, 4, 5, 6, 7, 8, 9, 10, 11, 12, 15, 20, 25, 30 ];;;;;;;
];;;;;;;
5;2;2;62;16;2;true;[
[ 1, 25, 50, 75, 100, 125, 126, 150, 175, 200, 225, 250, 275, 300, 375, 500 ],;;;;;;;
[ 1, 2, 3, 4, 5, 6, 7, 8, 9, 10, 11, 12, 15, 20, 25, 30 ];;;;;;;
];;;;;;;
5;2;2;63;16;2;true;[
[ 1, 25, 50, 75, 100, 125, 126, 150, 175, 200, 225, 250, 275, 300, 375, 500 ],;;;;;;;
[ 1, 2, 3, 4, 5, 6, 7, 8, 9, 10, 11, 12, 15, 20, 25, 30 ];;;;;;;
];;;;;;;
5;2;2;64;16;2;true;[
[ 1, 25, 50, 75, 100, 125, 126, 150, 175, 200, 225, 250, 275, 300, 375, 500 ],;;;;;;;
[ 1, 2, 3, 4, 5, 6, 7, 8, 9, 10, 11, 12, 15, 20, 25, 30 ];;;;;;;
];;;;;;;
5;2;2;65;17;2;true;[
[ 1, 25, 50, 75, 100, 125, 126, 150, 175, 200, 225, 250, 275, 300, 325, 375, 500 ],;;;;;;;
[ 1, 2, 3, 4, 5, 6, 7, 8, 9, 10, 11, 12, 13, 15, 20, 25, 30 ];;;;;;;
];;;;;;;
5;2;2;66;17;2;true;[
[ 1, 25, 50, 75, 100, 125, 126, 150, 175, 200, 225, 250, 275, 300, 325, 375, 500 ],;;;;;;;
[ 1, 2, 3, 4, 5, 6, 7, 8, 9, 10, 11, 12, 13, 15, 20, 25, 30 ];;;;;;;
];;;;;;;
5;2;2;67;17;2;true;[
[ 1, 25, 50, 75, 100, 125, 126, 150, 175, 200, 225, 250, 275, 300, 325, 375, 500 ],;;;;;;;
[ 1, 2, 3, 4, 5, 6, 7, 8, 9, 10, 11, 12, 13, 15, 20, 25, 30 ];;;;;;;
];;;;;;;
5;2;2;68;17;2;true;[
[ 1, 25, 50, 75, 100, 125, 126, 150, 175, 200, 225, 250, 275, 300, 325, 375, 500 ],;;;;;;;
[ 1, 2, 3, 4, 5, 6, 7, 8, 9, 10, 11, 12, 13, 15, 20, 25, 30 ];;;;;;;
];;;;;;;
5;2;2;69;17;2;true;[
[ 1, 25, 50, 75, 100, 125, 126, 150, 175, 200, 225, 250, 275, 300, 325, 375, 500 ],;;;;;;;
[ 1, 2, 3, 4, 5, 6, 7, 8, 9, 10, 11, 12, 13, 15, 20, 25, 30 ];;;;;;;
];;;;;;;
5;2;2;70;19;2;true;[
[ 1, 25, 50, 75, 100, 125, 126, 150, 175, 200, 225, 250, 251, 275, 300, 325, 350, 375, 500 ],;;;;;;;
[ 1, 2, 3, 4, 5, 6, 7, 8, 9, 10, 11, 12, 13, 14, 15, 20, 25, 30, 35 ];;;;;;;
];;;;;;;
5;2;2;71;19;2;true;[
[ 1, 25, 50, 75, 100, 125, 126, 150, 175, 200, 225, 250, 251, 275, 300, 325, 350, 375, 500 ],;;;;;;;
[ 1, 2, 3, 4, 5, 6, 7, 8, 9, 10, 11, 12, 13, 14, 15, 20, 25, 30, 35 ];;;;;;;
];;;;;;;
5;2;2;72;19;2;true;[
[ 1, 25, 50, 75, 100, 125, 126, 150, 175, 200, 225, 250, 251, 275, 300, 325, 350, 375, 500 ],;;;;;;;
[ 1, 2, 3, 4, 5, 6, 7, 8, 9, 10, 11, 12, 13, 14, 15, 20, 25, 30, 35 ];;;;;;;
];;;;;;;
5;2;2;73;19;2;true;[
[ 1, 25, 50, 75, 100, 125, 126, 150, 175, 200, 225, 250, 251, 275, 300, 325, 350, 375, 500 ],;;;;;;;
[ 1, 2, 3, 4, 5, 6, 7, 8, 9, 10, 11, 12, 13, 14, 15, 20, 25, 30, 35 ];;;;;;;
];;;;;;;
5;2;2;74;19;2;true;[
[ 1, 25, 50, 75, 100, 125, 126, 150, 175, 200, 225, 250, 251, 275, 300, 325, 350, 375, 500 ],;;;;;;;
[ 1, 2, 3, 4, 5, 6, 7, 8, 9, 10, 11, 12, 13, 14, 15, 20, 25, 30, 35 ];;;;;;;
];;;;;;;
5;2;2;75;19;2;true;[
[ 1, 25, 50, 75, 100, 125, 126, 150, 175, 200, 225, 250, 251, 275, 300, 325, 350, 375, 500 ],;;;;;;;
[ 1, 2, 3, 4, 5, 6, 7, 8, 9, 10, 11, 12, 13, 14, 15, 20, 25, 30, 35 ];;;;;;;
];;;;;;;
5;2;2;76;19;2;true;[
[ 1, 25, 50, 75, 100, 125, 126, 150, 175, 200, 225, 250, 251, 275, 300, 325, 350, 375, 500 ],;;;;;;;
[ 1, 2, 3, 4, 5, 6, 7, 8, 9, 10, 11, 12, 13, 14, 15, 20, 25, 30, 35 ];;;;;;;
];;;;;;;
5;2;2;77;19;2;true;[
[ 1, 25, 50, 75, 100, 125, 126, 150, 175, 200, 225, 250, 251, 275, 300, 325, 350, 375, 500 ],;;;;;;;
[ 1, 2, 3, 4, 5, 6, 7, 8, 9, 10, 11, 12, 13, 14, 15, 20, 25, 30, 35 ];;;;;;;
];;;;;;;
5;2;2;78;19;2;true;[
[ 1, 25, 50, 75, 100, 125, 126, 150, 175, 200, 225, 250, 251, 275, 300, 325, 350, 375, 500 ],;;;;;;;
[ 1, 2, 3, 4, 5, 6, 7, 8, 9, 10, 11, 12, 13, 14, 15, 20, 25, 30, 35 ];;;;;;;
];;;;;;;
5;2;2;79;19;2;true;[
[ 1, 25, 50, 75, 100, 125, 126, 150, 175, 200, 225, 250, 251, 275, 300, 325, 350, 375, 500 ],;;;;;;;
[ 1, 2, 3, 4, 5, 6, 7, 8, 9, 10, 11, 12, 13, 14, 15, 20, 25, 30, 35 ];;;;;;;
];;;;;;;
5;2;2;80;21;2;true;[
[ 1, 2, 3, 4, 5, 6, 7, 8, 9, 10, 11, 12, 13, 14, 15, 16, 20, 25, 30, 35, 40 ],;;;;;;;
[ 1, 25, 50, 75, 100, 125, 126, 150, 175, 200, 225, 250, 251, 275, 300, 325, 350, 375, 376, 400, 500 ];;;;;;;
];;;;;;;
5;2;2;81;21;2;true;[
[ 1, 2, 3, 4, 5, 6, 7, 8, 9, 10, 11, 12, 13, 14, 15, 16, 20, 25, 30, 35, 40 ],;;;;;;;
[ 1, 25, 50, 75, 100, 125, 126, 150, 175, 200, 225, 250, 251, 275, 300, 325, 350, 375, 376, 400, 500 ];;;;;;;
];;;;;;;
5;2;2;82;21;2;true;[
[ 1, 2, 3, 4, 5, 6, 7, 8, 9, 10, 11, 12, 13, 14, 15, 16, 20, 25, 30, 35, 40 ],;;;;;;;
[ 1, 25, 50, 75, 100, 125, 126, 150, 175, 200, 225, 250, 251, 275, 300, 325, 350, 375, 376, 400, 500 ];;;;;;;
];;;;;;;
5;2;2;83;21;2;true;[
[ 1, 2, 3, 4, 5, 6, 7, 8, 9, 10, 11, 12, 13, 14, 15, 16, 20, 25, 30, 35, 40 ],;;;;;;;
[ 1, 25, 50, 75, 100, 125, 126, 150, 175, 200, 225, 250, 251, 275, 300, 325, 350, 375, 376, 400, 500 ];;;;;;;
];;;;;;;
5;2;2;84;21;2;true;[
[ 1, 2, 3, 4, 5, 6, 7, 8, 9, 10, 11, 12, 13, 14, 15, 16, 20, 25, 30, 35, 40 ],;;;;;;;
[ 1, 25, 50, 75, 100, 125, 126, 150, 175, 200, 225, 250, 251, 275, 300, 325, 350, 375, 376, 400, 500 ];;;;;;;
];;;;;;;
5;2;2;85;22;4;true;[
[ 1, 2, 25, 50, 75, 100, 125, 126, 150, 175, 200, 225, 250, 251, 275, 300, 325, 350, 375, 400, 425, 500 ],;;;;;;;
[ 1, 2, 3, 4, 5, 6, 7, 8, 9, 10, 11, 12, 13, 14, 15, 16, 17, 20, 25, 30, 35, 50 ],;;;;;;;
[ 1, 2, 3, 4, 5, 6, 7, 8, 9, 10, 11, 12, 13, 14, 15, 16, 17, 20, 25, 30, 35, 40 ],;;;;;;;
[ 1, 25, 50, 75, 100, 125, 126, 150, 175, 200, 225, 250, 251, 275, 300, 325, 350, 375, 376, 400, 425, 500 ];;;;;;;
];;;;;;;
5;2;2;86;22;4;true;[
[ 1, 2, 25, 50, 75, 100, 125, 126, 150, 175, 200, 225, 250, 251, 275, 300, 325, 350, 375, 400, 425, 500 ],;;;;;;;
[ 1, 2, 3, 4, 5, 6, 7, 8, 9, 10, 11, 12, 13, 14, 15, 16, 17, 20, 25, 30, 35, 50 ],;;;;;;;
[ 1, 2, 3, 4, 5, 6, 7, 8, 9, 10, 11, 12, 13, 14, 15, 16, 17, 20, 25, 30, 35, 40 ],;;;;;;;
[ 1, 25, 50, 75, 100, 125, 126, 150, 175, 200, 225, 250, 251, 275, 300, 325, 350, 375, 376, 400, 425, 500 ];;;;;;;
];;;;;;;
5;2;2;87;22;4;true;[
[ 1, 2, 25, 50, 75, 100, 125, 126, 150, 175, 200, 225, 250, 251, 275, 300, 325, 350, 375, 400, 425, 500 ],;;;;;;;
[ 1, 2, 3, 4, 5, 6, 7, 8, 9, 10, 11, 12, 13, 14, 15, 16, 17, 20, 25, 30, 35, 50 ],;;;;;;;
[ 1, 2, 3, 4, 5, 6, 7, 8, 9, 10, 11, 12, 13, 14, 15, 16, 17, 20, 25, 30, 35, 40 ],;;;;;;;
[ 1, 25, 50, 75, 100, 125, 126, 150, 175, 200, 225, 250, 251, 275, 300, 325, 350, 375, 376, 400, 425, 500 ];;;;;;;
];;;;;;;
5;2;2;88;22;4;true;[
[ 1, 2, 25, 50, 75, 100, 125, 126, 150, 175, 200, 225, 250, 251, 275, 300, 325, 350, 375, 400, 425, 500 ],;;;;;;;
[ 1, 2, 3, 4, 5, 6, 7, 8, 9, 10, 11, 12, 13, 14, 15, 16, 17, 20, 25, 30, 35, 50 ],;;;;;;;
[ 1, 2, 3, 4, 5, 6, 7, 8, 9, 10, 11, 12, 13, 14, 15, 16, 17, 20, 25, 30, 35, 40 ],;;;;;;;
[ 1, 25, 50, 75, 100, 125, 126, 150, 175, 200, 225, 250, 251, 275, 300, 325, 350, 375, 376, 400, 425, 500 ];;;;;;;
];;;;;;;
5;2;2;89;22;4;true;[
[ 1, 2, 25, 50, 75, 100, 125, 126, 150, 175, 200, 225, 250, 251, 275, 300, 325, 350, 375, 400, 425, 500 ],;;;;;;;
[ 1, 2, 3, 4, 5, 6, 7, 8, 9, 10, 11, 12, 13, 14, 15, 16, 17, 20, 25, 30, 35, 50 ],;;;;;;;
[ 1, 2, 3, 4, 5, 6, 7, 8, 9, 10, 11, 12, 13, 14, 15, 16, 17, 20, 25, 30, 35, 40 ],;;;;;;;
[ 1, 25, 50, 75, 100, 125, 126, 150, 175, 200, 225, 250, 251, 275, 300, 325, 350, 375, 376, 400, 425, 500 ];;;;;;;
];;;;;;;
5;2;2;90;24;4;true;[
[ 1, 2, 25, 50, 75, 100, 125, 126, 150, 175, 200, 225, 250, 251, 275, 300, 325, 350, 375, 376, 400, 425, 450, 500 ],;;;;;;;
[ 1, 2, 3, 4, 5, 6, 7, 8, 9, 10, 11, 12, 13, 14, 15, 16, 17, 18, 20, 25, 30, 35, 40, 50 ],;;;;;;;
[ 1, 2, 3, 4, 5, 6, 7, 8, 9, 10, 11, 12, 13, 14, 15, 16, 17, 18, 20, 25, 30, 35, 40, 45 ],;;;;;;;
[ 1, 25, 50, 75, 100, 125, 126, 150, 175, 200, 225, 250, 251, 275, 300, 325, 350, 375, 376, 400, 425, 450, 500, 501 ];;;;;;;
];;;;;;;
5;2;2;91;24;4;true;[
[ 1, 2, 25, 50, 75, 100, 125, 126, 150, 175, 200, 225, 250, 251, 275, 300, 325, 350, 375, 376, 400, 425, 450, 500 ],;;;;;;;
[ 1, 2, 3, 4, 5, 6, 7, 8, 9, 10, 11, 12, 13, 14, 15, 16, 17, 18, 20, 25, 30, 35, 40, 50 ],;;;;;;;
[ 1, 2, 3, 4, 5, 6, 7, 8, 9, 10, 11, 12, 13, 14, 15, 16, 17, 18, 20, 25, 30, 35, 40, 45 ],;;;;;;;
[ 1, 25, 50, 75, 100, 125, 126, 150, 175, 200, 225, 250, 251, 275, 300, 325, 350, 375, 376, 400, 425, 450, 500, 501 ];;;;;;;
];;;;;;;
5;2;2;92;24;4;true;[
[ 1, 2, 25, 50, 75, 100, 125, 126, 150, 175, 200, 225, 250, 251, 275, 300, 325, 350, 375, 376, 400, 425, 450, 500 ],;;;;;;;
[ 1, 2, 3, 4, 5, 6, 7, 8, 9, 10, 11, 12, 13, 14, 15, 16, 17, 18, 20, 25, 30, 35, 40, 50 ],;;;;;;;
[ 1, 2, 3, 4, 5, 6, 7, 8, 9, 10, 11, 12, 13, 14, 15, 16, 17, 18, 20, 25, 30, 35, 40, 45 ],;;;;;;;
[ 1, 25, 50, 75, 100, 125, 126, 150, 175, 200, 225, 250, 251, 275, 300, 325, 350, 375, 376, 400, 425, 450, 500, 501 ];;;;;;;
];;;;;;;
5;2;2;93;24;4;true;[
[ 1, 2, 25, 50, 75, 100, 125, 126, 150, 175, 200, 225, 250, 251, 275, 300, 325, 350, 375, 376, 400, 425, 450, 500 ],;;;;;;;
[ 1, 2, 3, 4, 5, 6, 7, 8, 9, 10, 11, 12, 13, 14, 15, 16, 17, 18, 20, 25, 30, 35, 40, 50 ],;;;;;;;
[ 1, 2, 3, 4, 5, 6, 7, 8, 9, 10, 11, 12, 13, 14, 15, 16, 17, 18, 20, 25, 30, 35, 40, 45 ],;;;;;;;
[ 1, 25, 50, 75, 100, 125, 126, 150, 175, 200, 225, 250, 251, 275, 300, 325, 350, 375, 376, 400, 425, 450, 500, 501 ];;;;;;;
];;;;;;;
5;2;2;94;24;4;true;[
[ 1, 2, 25, 50, 75, 100, 125, 126, 150, 175, 200, 225, 250, 251, 275, 300, 325, 350, 375, 376, 400, 425, 450, 500 ],;;;;;;;
[ 1, 2, 3, 4, 5, 6, 7, 8, 9, 10, 11, 12, 13, 14, 15, 16, 17, 18, 20, 25, 30, 35, 40, 50 ],;;;;;;;
[ 1, 2, 3, 4, 5, 6, 7, 8, 9, 10, 11, 12, 13, 14, 15, 16, 17, 18, 20, 25, 30, 35, 40, 45 ],;;;;;;;
[ 1, 25, 50, 75, 100, 125, 126, 150, 175, 200, 225, 250, 251, 275, 300, 325, 350, 375, 376, 400, 425, 450, 500, 501 ];;;;;;;
];;;;;;;
5;2;2;95;26;2;true;[
[ 1, 2, 25, 50, 75, 100, 125, 126, 150, 175, 200, 225, 250, 251, 275, 300, 325, 350, 375, 376, 400, 425, 450, 475, 500, 501 ],;;;;;;;
[ 1, 2, 3, 4, 5, 6, 7, 8, 9, 10, 11, 12, 13, 14, 15, 16, 17, 18, 19, 20, 25, 30, 35, 40, 45, 50 ];;;;;;;
];;;;;;;
5;2;2;96;26;2;true;[
[ 1, 2, 25, 50, 75, 100, 125, 126, 150, 175, 200, 225, 250, 251, 275, 300, 325, 350, 375, 376, 400, 425, 450, 475, 500, 501 ],;;;;;;;
[ 1, 2, 3, 4, 5, 6, 7, 8, 9, 10, 11, 12, 13, 14, 15, 16, 17, 18, 19, 20, 25, 30, 35, 40, 45, 50 ];;;;;;;
];;;;;;;
5;2;2;97;26;2;true;[
[ 1, 2, 25, 50, 75, 100, 125, 126, 150, 175, 200, 225, 250, 251, 275, 300, 325, 350, 375, 376, 400, 425, 450, 475, 500, 501 ],;;;;;;;
[ 1, 2, 3, 4, 5, 6, 7, 8, 9, 10, 11, 12, 13, 14, 15, 16, 17, 18, 19, 20, 25, 30, 35, 40, 45, 50 ];;;;;;;
];;;;;;;
5;2;2;98;26;2;true;[
[ 1, 2, 25, 50, 75, 100, 125, 126, 150, 175, 200, 225, 250, 251, 275, 300, 325, 350, 375, 376, 400, 425, 450, 475, 500, 501 ],;;;;;;;
[ 1, 2, 3, 4, 5, 6, 7, 8, 9, 10, 11, 12, 13, 14, 15, 16, 17, 18, 19, 20, 25, 30, 35, 40, 45, 50 ];;;;;;;
];;;;;;;
5;2;2;99;26;2;true;[
[ 1, 2, 25, 50, 75, 100, 125, 126, 150, 175, 200, 225, 250, 251, 275, 300, 325, 350, 375, 376, 400, 425, 450, 475, 500, 501 ],;;;;;;;
[ 1, 2, 3, 4, 5, 6, 7, 8, 9, 10, 11, 12, 13, 14, 15, 16, 17, 18, 19, 20, 25, 30, 35, 40, 45, 50 ];;;;;;;
];;;;;;;
5;2;2;100;26;2;true;[
[ 1, 2, 25, 50, 75, 100, 125, 126, 150, 175, 200, 225, 250, 251, 275, 300, 325, 350, 375, 376, 400, 425, 450, 475, 500, 501 ],;;;;;;;
[ 1, 2, 3, 4, 5, 6, 7, 8, 9, 10, 11, 12, 13, 14, 15, 16, 17, 18, 19, 20, 25, 30, 35, 40, 45, 50 ];;;;;;;
];;;;;;;
5;2;2;101;26;2;true;[
[ 1, 2, 25, 50, 75, 100, 125, 126, 150, 175, 200, 225, 250, 251, 275, 300, 325, 350, 375, 376, 400, 425, 450, 475, 500, 501 ],;;;;;;;
[ 1, 2, 3, 4, 5, 6, 7, 8, 9, 10, 11, 12, 13, 14, 15, 16, 17, 18, 19, 20, 25, 30, 35, 40, 45, 50 ];;;;;;;
];;;;;;;
5;2;2;102;26;2;true;[
[ 1, 2, 25, 50, 75, 100, 125, 126, 150, 175, 200, 225, 250, 251, 275, 300, 325, 350, 375, 376, 400, 425, 450, 475, 500, 501 ],;;;;;;;
[ 1, 2, 3, 4, 5, 6, 7, 8, 9, 10, 11, 12, 13, 14, 15, 16, 17, 18, 19, 20, 25, 30, 35, 40, 45, 50 ];;;;;;;
];;;;;;;
5;2;2;103;26;2;true;[
[ 1, 2, 25, 50, 75, 100, 125, 126, 150, 175, 200, 225, 250, 251, 275, 300, 325, 350, 375, 376, 400, 425, 450, 475, 500, 501 ],;;;;;;;
[ 1, 2, 3, 4, 5, 6, 7, 8, 9, 10, 11, 12, 13, 14, 15, 16, 17, 18, 19, 20, 25, 30, 35, 40, 45, 50 ];;;;;;;
];;;;;;;
5;2;2;104;26;2;true;[
[ 1, 2, 25, 50, 75, 100, 125, 126, 150, 175, 200, 225, 250, 251, 275, 300, 325, 350, 375, 376, 400, 425, 450, 475, 500, 501 ],;;;;;;;
[ 1, 2, 3, 4, 5, 6, 7, 8, 9, 10, 11, 12, 13, 14, 15, 16, 17, 18, 19, 20, 25, 30, 35, 40, 45, 50 ];;;;;;;
];;;;;;;
5;2;2;105;27;2;true;[
[ 1, 2, 25, 50, 75, 100, 125, 126, 150, 175, 200, 225, 250, 251, 275, 300, 325, 350, 375, 376, 400, 425, 450, 475, 500, 501, 525 ],;;;;;;;
[ 1, 2, 3, 4, 5, 6, 7, 8, 9, 10, 11, 12, 13, 14, 15, 16, 17, 18, 19, 20, 21, 25, 30, 35, 40, 45, 50 ];;;;;;;
];;;;;;;
5;2;2;106;27;2;true;[
[ 1, 2, 25, 50, 75, 100, 125, 126, 150, 175, 200, 225, 250, 251, 275, 300, 325, 350, 375, 376, 400, 425, 450, 475, 500, 501, 525 ],;;;;;;;
[ 1, 2, 3, 4, 5, 6, 7, 8, 9, 10, 11, 12, 13, 14, 15, 16, 17, 18, 19, 20, 21, 25, 30, 35, 40, 45, 50 ];;;;;;;
];;;;;;;
5;2;2;107;27;2;true;[
[ 1, 2, 25, 50, 75, 100, 125, 126, 150, 175, 200, 225, 250, 251, 275, 300, 325, 350, 375, 376, 400, 425, 450, 475, 500, 501, 525 ],;;;;;;;
[ 1, 2, 3, 4, 5, 6, 7, 8, 9, 10, 11, 12, 13, 14, 15, 16, 17, 18, 19, 20, 21, 25, 30, 35, 40, 45, 50 ];;;;;;;
];;;;;;;
5;2;2;108;27;2;true;[
[ 1, 2, 25, 50, 75, 100, 125, 126, 150, 175, 200, 225, 250, 251, 275, 300, 325, 350, 375, 376, 400, 425, 450, 475, 500, 501, 525 ],;;;;;;;
[ 1, 2, 3, 4, 5, 6, 7, 8, 9, 10, 11, 12, 13, 14, 15, 16, 17, 18, 19, 20, 21, 25, 30, 35, 40, 45, 50 ];;;;;;;
];;;;;;;
5;2;2;109;27;2;true;[
[ 1, 2, 25, 50, 75, 100, 125, 126, 150, 175, 200, 225, 250, 251, 275, 300, 325, 350, 375, 376, 400, 425, 450, 475, 500, 501, 525 ],;;;;;;;
[ 1, 2, 3, 4, 5, 6, 7, 8, 9, 10, 11, 12, 13, 14, 15, 16, 17, 18, 19, 20, 21, 25, 30, 35, 40, 45, 50 ];;;;;;;
];;;;;;;
5;2;2;110;29;2;true;[
[ 1, 2, 25, 50, 75, 100, 125, 126, 127, 150, 175, 200, 225, 250, 251, 275, 300, 325, 350, 375, 376, 400, 425, 450, 475, 500, 501, 525, 550 ],;;;;;;;
[ 1, 2, 3, 4, 5, 6, 7, 8, 9, 10, 11, 12, 13, 14, 15, 16, 17, 18, 19, 20, 21, 22, 25, 30, 35, 40, 45, 50, 55 ];;;;;;;
];;;;;;;
5;2;2;111;29;2;true;[
[ 1, 2, 25, 50, 75, 100, 125, 126, 127, 150, 175, 200, 225, 250, 251, 275, 300, 325, 350, 375, 376, 400, 425, 450, 475, 500, 501, 525, 550 ],;;;;;;;
[ 1, 2, 3, 4, 5, 6, 7, 8, 9, 10, 11, 12, 13, 14, 15, 16, 17, 18, 19, 20, 21, 22, 25, 30, 35, 40, 45, 50, 55 ];;;;;;;
];;;;;;;
5;2;2;112;29;2;true;[
[ 1, 2, 25, 50, 75, 100, 125, 126, 127, 150, 175, 200, 225, 250, 251, 275, 300, 325, 350, 375, 376, 400, 425, 450, 475, 500, 501, 525, 550 ],;;;;;;;
[ 1, 2, 3, 4, 5, 6, 7, 8, 9, 10, 11, 12, 13, 14, 15, 16, 17, 18, 19, 20, 21, 22, 25, 30, 35, 40, 45, 50, 55 ];;;;;;;
];;;;;;;
5;2;2;113;29;2;true;[
[ 1, 2, 25, 50, 75, 100, 125, 126, 127, 150, 175, 200, 225, 250, 251, 275, 300, 325, 350, 375, 376, 400, 425, 450, 475, 500, 501, 525, 550 ],;;;;;;;
[ 1, 2, 3, 4, 5, 6, 7, 8, 9, 10, 11, 12, 13, 14, 15, 16, 17, 18, 19, 20, 21, 22, 25, 30, 35, 40, 45, 50, 55 ];;;;;;;
];;;;;;;
5;2;2;114;29;2;true;[
[ 1, 2, 25, 50, 75, 100, 125, 126, 127, 150, 175, 200, 225, 250, 251, 275, 300, 325, 350, 375, 376, 400, 425, 450, 475, 500, 501, 525, 550 ],;;;;;;;
[ 1, 2, 3, 4, 5, 6, 7, 8, 9, 10, 11, 12, 13, 14, 15, 16, 17, 18, 19, 20, 21, 22, 25, 30, 35, 40, 45, 50, 55 ];;;;;;;
];;;;;;;
5;2;2;115;30;2;true;[
[ 1, 2, 25, 50, 75, 100, 125, 126, 127, 150, 175, 200, 225, 250, 251, 275, 300, 325, 350, 375, 376, 400, 425, 450, 475, 500, 501, 525, 550, 575 ],;;;;;;;
[ 1, 2, 3, 4, 5, 6, 7, 8, 9, 10, 11, 12, 13, 14, 15, 16, 17, 18, 19, 20, 21, 22, 23, 25, 30, 35, 40, 45, 50, 55 ];;;;;;;
];;;;;;;
5;2;2;116;30;2;true;[
[ 1, 2, 25, 50, 75, 100, 125, 126, 127, 150, 175, 200, 225, 250, 251, 275, 300, 325, 350, 375, 376, 400, 425, 450, 475, 500, 501, 525, 550, 575 ],;;;;;;;
[ 1, 2, 3, 4, 5, 6, 7, 8, 9, 10, 11, 12, 13, 14, 15, 16, 17, 18, 19, 20, 21, 22, 23, 25, 30, 35, 40, 45, 50, 55 ];;;;;;;
];;;;;;;
5;2;2;117;30;2;true;[
[ 1, 2, 25, 50, 75, 100, 125, 126, 127, 150, 175, 200, 225, 250, 251, 275, 300, 325, 350, 375, 376, 400, 425, 450, 475, 500, 501, 525, 550, 575 ],;;;;;;;
[ 1, 2, 3, 4, 5, 6, 7, 8, 9, 10, 11, 12, 13, 14, 15, 16, 17, 18, 19, 20, 21, 22, 23, 25, 30, 35, 40, 45, 50, 55 ];;;;;;;
];;;;;;;
5;2;2;118;30;2;true;[
[ 1, 2, 25, 50, 75, 100, 125, 126, 127, 150, 175, 200, 225, 250, 251, 275, 300, 325, 350, 375, 376, 400, 425, 450, 475, 500, 501, 525, 550, 575 ],;;;;;;;
[ 1, 2, 3, 4, 5, 6, 7, 8, 9, 10, 11, 12, 13, 14, 15, 16, 17, 18, 19, 20, 21, 22, 23, 25, 30, 35, 40, 45, 50, 55 ];;;;;;;
];;;;;;;
5;2;2;119;30;2;true;[
[ 1, 2, 25, 50, 75, 100, 125, 126, 127, 150, 175, 200, 225, 250, 251, 275, 300, 325, 350, 375, 376, 400, 425, 450, 475, 500, 501, 525, 550, 575 ],;;;;;;;
[ 1, 2, 3, 4, 5, 6, 7, 8, 9, 10, 11, 12, 13, 14, 15, 16, 17, 18, 19, 20, 21, 22, 23, 25, 30, 35, 40, 45, 50, 55 ];;;;;;;
];;;;;;;
5;2;2;120;32;2;true;[
[ 1, 2, 25, 50, 75, 100, 125, 126, 127, 150, 175, 200, 225, 250, 251, 252, 275, 300, 325, 350, 375, 376, 400, 425, 450, 475, 500, 501, 525, 550, 575, 600 ],;;;;;;;
[ 1, 2, 3, 4, 5, 6, 7, 8, 9, 10, 11, 12, 13, 14, 15, 16, 17, 18, 19, 20, 21, 22, 23, 24, 25, 30, 35, 40, 45, 50, 55, 60 ];;;;;;;
];;;;;;;
5;2;2;121;32;2;true;[
[ 1, 2, 25, 50, 75, 100, 125, 126, 127, 150, 175, 200, 225, 250, 251, 252, 275, 300, 325, 350, 375, 376, 400, 425, 450, 475, 500, 501, 525, 550, 575, 600 ],;;;;;;;
[ 1, 2, 3, 4, 5, 6, 7, 8, 9, 10, 11, 12, 13, 14, 15, 16, 17, 18, 19, 20, 21, 22, 23, 24, 25, 30, 35, 40, 45, 50, 55, 60 ];;;;;;;
];;;;;;;
5;2;2;122;32;2;true;[
[ 1, 2, 25, 50, 75, 100, 125, 126, 127, 150, 175, 200, 225, 250, 251, 252, 275, 300, 325, 350, 375, 376, 400, 425, 450, 475, 500, 501, 525, 550, 575, 600 ],;;;;;;;
[ 1, 2, 3, 4, 5, 6, 7, 8, 9, 10, 11, 12, 13, 14, 15, 16, 17, 18, 19, 20, 21, 22, 23, 24, 25, 30, 35, 40, 45, 50, 55, 60 ];;;;;;;
];;;;;;;
5;2;2;123;32;2;true;[
[ 1, 2, 25, 50, 75, 100, 125, 126, 127, 150, 175, 200, 225, 250, 251, 252, 275, 300, 325, 350, 375, 376, 400, 425, 450, 475, 500, 501, 525, 550, 575, 600 ],;;;;;;;
[ 1, 2, 3, 4, 5, 6, 7, 8, 9, 10, 11, 12, 13, 14, 15, 16, 17, 18, 19, 20, 21, 22, 23, 24, 25, 30, 35, 40, 45, 50, 55, 60 ];;;;;;;
];;;;;;;
5;2;2;124;32;2;true;[
[ 1, 2, 25, 50, 75, 100, 125, 126, 127, 150, 175, 200, 225, 250, 251, 252, 275, 300, 325, 350, 375, 376, 400, 425, 450, 475, 500, 501, 525, 550, 575, 600 ],;;;;;;;
[ 1, 2, 3, 4, 5, 6, 7, 8, 9, 10, 11, 12, 13, 14, 15, 16, 17, 18, 19, 20, 21, 22, 23, 24, 25, 30, 35, 40, 45, 50, 55, 60 ];;;;;;;
];;;;;;;
5;2;2;125;32;2;true;[
[ 1, 2, 25, 50, 75, 100, 125, 126, 127, 150, 175, 200, 225, 250, 251, 252, 275, 300, 325, 350, 375, 376, 400, 425, 450, 475, 500, 501, 525, 550, 575, 600 ],;;;;;;;
[ 1, 2, 3, 4, 5, 6, 7, 8, 9, 10, 11, 12, 13, 14, 15, 16, 17, 18, 19, 20, 21, 22, 23, 24, 25, 30, 35, 40, 45, 50, 55, 60 ];;;;;;;
];;;;;;;
5;2;2;126;32;2;true;[
[ 1, 2, 25, 50, 75, 100, 125, 126, 127, 150, 175, 200, 225, 250, 251, 252, 275, 300, 325, 350, 375, 376, 400, 425, 450, 475, 500, 501, 525, 550, 575, 600 ],;;;;;;;
[ 1, 2, 3, 4, 5, 6, 7, 8, 9, 10, 11, 12, 13, 14, 15, 16, 17, 18, 19, 20, 21, 22, 23, 24, 25, 30, 35, 40, 45, 50, 55, 60 ];;;;;;;
];;;;;;;
5;2;2;127;32;2;true;[
[ 1, 2, 25, 50, 75, 100, 125, 126, 127, 150, 175, 200, 225, 250, 251, 252, 275, 300, 325, 350, 375, 376, 400, 425, 450, 475, 500, 501, 525, 550, 575, 600 ],;;;;;;;
[ 1, 2, 3, 4, 5, 6, 7, 8, 9, 10, 11, 12, 13, 14, 15, 16, 17, 18, 19, 20, 21, 22, 23, 24, 25, 30, 35, 40, 45, 50, 55, 60 ];;;;;;;
];;;;;;;
5;2;2;128;32;2;true;[
[ 1, 2, 25, 50, 75, 100, 125, 126, 127, 150, 175, 200, 225, 250, 251, 252, 275, 300, 325, 350, 375, 376, 400, 425, 450, 475, 500, 501, 525, 550, 575, 600 ],;;;;;;;
[ 1, 2, 3, 4, 5, 6, 7, 8, 9, 10, 11, 12, 13, 14, 15, 16, 17, 18, 19, 20, 21, 22, 23, 24, 25, 30, 35, 40, 45, 50, 55, 60 ];;;;;;;
];;;;;;;
5;2;2;129;32;2;true;[
[ 1, 2, 25, 50, 75, 100, 125, 126, 127, 150, 175, 200, 225, 250, 251, 252, 275, 300, 325, 350, 375, 376, 400, 425, 450, 475, 500, 501, 525, 550, 575, 600 ],;;;;;;;
[ 1, 2, 3, 4, 5, 6, 7, 8, 9, 10, 11, 12, 13, 14, 15, 16, 17, 18, 19, 20, 21, 22, 23, 24, 25, 30, 35, 40, 45, 50, 55, 60 ];;;;;;;
];;;;;;;
5;2;2;130;34;2;true;[
[ 1, 2, 3, 4, 5, 6, 7, 8, 9, 10, 11, 12, 13, 14, 15, 16, 17, 18, 19, 20, 21, 22, 23, 24, 25, 26, 30, 35, 40, 45, 50, 55, 60, 65 ],;;;;;;;
[ 1, 2, 25, 26, 50, 75, 100, 125, 126, 127, 150, 175, 200, 225, 250, 251, 252, 275, 300, 325, 350, 375, 376, 377, 400, 425, 450, 475, 500, 501, 525, 550, 575, 600 ];;;;;;;
];;;;;;;
5;2;2;131;35;2;true;[
[ 1, 2, 3, 4, 5, 6, 7, 8, 9, 10, 11, 12, 13, 14, 15, 16, 17, 18, 19, 20, 21, 22, 23, 24, 25, 26, 30, 31, 35, 40, 45, 50, 55, 60, 65 ],;;;;;;;
[ 1, 2, 25, 26, 50, 75, 100, 125, 126, 127, 150, 151, 175, 200, 225, 250, 251, 252, 275, 300, 325, 350, 375, 376, 377, 400, 425, 450, 475, 500, 501, 525, 550, 575, 600 ];;;;;;;
];;;;;;;
5;2;2;132;36;2;true;[
[ 1, 2, 3, 4, 5, 6, 7, 8, 9, 10, 11, 12, 13, 14, 15, 16, 17, 18, 19, 20, 21, 22, 23, 24, 25, 26, 30, 31, 35, 36, 40, 45, 50, 55, 60, 65 ],;;;;;;;
[ 1, 2, 25, 26, 50, 75, 100, 125, 126, 127, 150, 151, 175, 200, 225, 250, 251, 252, 275, 276, 300, 325, 350, 375, 376, 377, 400, 425, 450, 475, 500, 501, 525, 550, 575, 600 ];;;;;;;
];;;;;;;
5;2;2;133;37;2;true;[
[ 1, 2, 3, 4, 5, 6, 7, 8, 9, 10, 11, 12, 13, 14, 15, 16, 17, 18, 19, 20, 21, 22, 23, 24, 25, 26, 30, 31, 35, 36, 40, 41, 45, 50, 55, 60, 65 ],;;;;;;;
[ 1, 2, 25, 26, 50, 75, 100, 125, 126, 127, 150, 151, 175, 200, 225, 250, 251, 252, 275, 276, 300, 325, 350, 375, 376, 377, 400, 401, 425, 450, 475, 500, 501, 525, 550, 575, 600 ];;;;;;;
];;;;;;;
5;2;2;134;38;2;true;[
[ 1, 2, 3, 4, 5, 6, 7, 8, 9, 10, 11, 12, 13, 14, 15, 16, 17, 18, 19, 20, 21, 22, 23, 24, 25, 26, 30, 31, 35, 36, 40, 41, 45, 46, 50, 55, 60, 65 ],;;;;;;;
[ 1, 2, 25, 26, 50, 75, 100, 125, 126, 127, 150, 151, 175, 200, 225, 250, 251, 252, 275, 276, 300, 325, 350, 375, 376, 377, 400, 401, 425, 450, 475, 500, 501, 525, 526, 550, 575, 600 ];;;;;;;
];;;;;;;
5;2;2;135;40;4;true;[
[ 1, 2, 3, 4, 5, 6, 7, 8, 9, 10, 11, 12, 13, 14, 15, 16, 17, 18, 19, 20, 21, 22, 23, 24, 25, 26, 27, 30, 31, 35, 36, 40, 41, 45, 46, 50, 51, 55, 60, 75 ],;;;;;;;
[ 1, 2, 3, 25, 26, 27, 50, 51, 75, 100, 125, 126, 127, 150, 151, 175, 200, 225, 250, 251, 252, 275, 276, 300, 325, 350, 375, 376, 400, 401, 425, 450, 475, 500, 501, 525, 526, 550, 575, 600 ],;;;;;;;
[ 1, 2, 3, 4, 5, 6, 7, 8, 9, 10, 11, 12, 13, 14, 15, 16, 17, 18, 19, 20, 21, 22, 23, 24, 25, 26, 27, 30, 31, 35, 36, 40, 41, 45, 46, 50, 51, 55, 60, 65 ],;;;;;;;
[ 1, 2, 25, 26, 27, 50, 51, 75, 100, 125, 126, 127, 150, 151, 175, 200, 225, 250, 251, 252, 275, 276, 300, 325, 350, 375, 376, 377, 400, 401, 425, 450, 475, 500, 501, 525, 526, 550, 575, 600 ];;;;;;;
];;;;;;;
5;2;2;136;41;4;true;[
[ 1, 2, 3, 4, 5, 6, 7, 8, 9, 10, 11, 12, 13, 14, 15, 16, 17, 18, 19, 20, 21, 22, 23, 24, 25, 26, 27, 30, 31, 35, 36, 40, 41, 45, 46, 50, 51, 55, 56, 60, 75 ],;;;;;;;
[ 1, 2, 3, 25, 26, 27, 50, 51, 75, 100, 125, 126, 127, 150, 151, 152, 175, 200, 225, 250, 251, 252, 275, 276, 300, 325, 350, 375, 376, 400, 401, 425, 450, 475, 500, 501, 525, 526, 550, 575, 600 ],;;;;;;;
[ 1, 2, 3, 4, 5, 6, 7, 8, 9, 10, 11, 12, 13, 14, 15, 16, 17, 18, 19, 20, 21, 22, 23, 24, 25, 26, 27, 30, 31, 35, 36, 40, 41, 45, 46, 50, 51, 55, 56, 60, 65 ],;;;;;;;
[ 1, 2, 25, 26, 27, 50, 51, 75, 100, 125, 126, 127, 150, 151, 152, 175, 200, 225, 250, 251, 252, 275, 276, 300, 325, 350, 375, 376, 377, 400, 401, 425, 450, 475, 500, 501, 525, 526, 550, 575, 600 ];;;;;;;
];;;;;;;
5;2;2;137;42;4;true;[
[ 1, 2, 3, 4, 5, 6, 7, 8, 9, 10, 11, 12, 13, 14, 15, 16, 17, 18, 19, 20, 21, 22, 23, 24, 25, 26, 27, 30, 31, 35, 36, 40, 41, 45, 46, 50, 51, 55, 56, 60, 61, 75 ],;;;;;;;
[ 1, 2, 3, 25, 26, 27, 50, 51, 75, 100, 125, 126, 127, 150, 151, 152, 175, 200, 225, 250, 251, 252, 275, 276, 277, 300, 325, 350, 375, 376, 400, 401, 425, 450, 475, 500, 501, 525, 526, 550, 575, 600 ],;;;;;;;
[ 1, 2, 3, 4, 5, 6, 7, 8, 9, 10, 11, 12, 13, 14, 15, 16, 17, 18, 19, 20, 21, 22, 23, 24, 25, 26, 27, 30, 31, 35, 36, 40, 41, 45, 46, 50, 51, 55, 56, 60, 61, 65 ],;;;;;;;
[ 1, 2, 25, 26, 27, 50, 51, 75, 100, 125, 126, 127, 150, 151, 152, 175, 200, 225, 250, 251, 252, 275, 276, 277, 300, 325, 350, 375, 376, 377, 400, 401, 425, 450, 475, 500, 501, 525, 526, 550, 575, 600 ];;;;;;;
];;;;;;;
5;2;2;138;43;2;true;[
[ 1, 2, 3, 4, 5, 6, 7, 8, 9, 10, 11, 12, 13, 14, 15, 16, 17, 18, 19, 20, 21, 22, 23, 24, 25, 26, 27, 30, 31, 35, 36, 40, 41, 45, 46, 50, 51, 55, 56, 60, 61, 65, 66 ],;;;;;;;
[ 1, 2, 25, 26, 27, 50, 51, 75, 100, 125, 126, 127, 150, 151, 152, 175, 200, 225, 250, 251, 252, 275, 276, 277, 300, 325, 350, 375, 376, 377, 400, 401, 402, 425, 450, 475, 500, 501, 525, 526, 550, 575, 600 ];;;;;;;
];;;;;;;
5;2;2;139;43;2;true;[
[ 1, 2, 3, 4, 5, 6, 7, 8, 9, 10, 11, 12, 13, 14, 15, 16, 17, 18, 19, 20, 21, 22, 23, 24, 25, 26, 27, 30, 31, 35, 36, 40, 41, 45, 46, 50, 51, 55, 56, 60, 61, 65, 66 ],;;;;;;;
[ 1, 2, 25, 26, 27, 50, 51, 75, 100, 125, 126, 127, 150, 151, 152, 175, 200, 225, 250, 251, 252, 275, 276, 277, 300, 325, 350, 375, 376, 377, 400, 401, 402, 425, 450, 475, 500, 501, 525, 526, 550, 575, 600 ];;;;;;;
];;;;;;;
5;2;2;140;45;2;true;[
[ 1, 2, 3, 4, 5, 6, 7, 8, 9, 10, 11, 12, 13, 14, 15, 16, 17, 18, 19, 20, 21, 22, 23, 24, 25, 26, 27, 28, 30, 31, 35, 36, 40, 41, 45, 46, 50, 51, 55, 56, 60, 61, 65, 66, 70 ],;;;;;;;
[ 1, 2, 25, 26, 27, 50, 51, 75, 76, 100, 125, 126, 127, 150, 151, 152, 175, 200, 225, 250, 251, 252, 275, 276, 277, 300, 325, 350, 375, 376, 377, 400, 401, 402, 425, 450, 475, 500, 501, 502, 525, 526, 550, 575, 600 ];;;;;;;
];;;;;;;
5;2;2;141;45;6;true;[
[ 1, 2, 3, 4, 5, 6, 7, 8, 9, 10, 11, 12, 13, 14, 15, 16, 17, 18, 19, 20, 21, 22, 23, 24, 25, 26, 27, 28, 30, 31, 35, 36, 40, 41, 45, 46, 50, 51, 55, 56, 60, 61, 65, 75, 76 ],;;;;;;;
[ 1, 2, 3, 25, 26, 27, 28, 50, 51, 75, 76, 100, 125, 126, 127, 150, 151, 152, 175, 200, 225, 250, 251, 252, 275, 276, 277, 300, 325, 350, 375, 376, 377, 400, 401, 425, 450, 475, 500, 501, 525, 526, 550, 575, 600 ],;;;;;;;
[ 1, 2, 3, 4, 5, 6, 7, 8, 9, 10, 11, 12, 13, 14, 15, 16, 17, 18, 19, 20, 21, 22, 23, 24, 25, 26, 27, 28, 30, 31, 35, 36, 40, 41, 45, 46, 50, 51, 55, 56, 60, 61, 65, 66, 75 ],;;;;;;;
[ 1, 2, 3, 4, 5, 6, 7, 8, 9, 10, 11, 12, 13, 14, 15, 16, 17, 18, 19, 20, 21, 22, 23, 24, 25, 26, 27, 28, 30, 31, 35, 36, 40, 41, 45, 46, 50, 51, 55, 56, 60, 61, 65, 66, 70 ],;;;;;;;
[ 1, 2, 3, 25, 26, 27, 50, 51, 75, 76, 100, 125, 126, 127, 150, 151, 152, 175, 200, 225, 250, 251, 252, 275, 276, 277, 300, 325, 350, 375, 376, 377, 400, 401, 402, 425, 450, 475, 500, 501, 525, 526, 550, 575, 600 ],;;;;;;;
[ 1, 2, 25, 26, 27, 50, 51, 75, 76, 100, 125, 126, 127, 150, 151, 152, 175, 200, 225, 250, 251, 252, 275, 276, 277, 300, 325, 350, 375, 376, 377, 400, 401, 402, 425, 450, 475, 500, 501, 502, 525, 526, 550, 575, 600 ];;;;;;;
];;;;;;;
5;2;2;142;46;4;true;[
[ 1, 2, 3, 4, 5, 6, 7, 8, 9, 10, 11, 12, 13, 14, 15, 16, 17, 18, 19, 20, 21, 22, 23, 24, 25, 26, 27, 28, 30, 31, 35, 36, 40, 41, 45, 46, 50, 51, 55, 56, 60, 61, 65, 66, 75, 76 ],;;;;;;;
[ 1, 2, 3, 25, 26, 27, 28, 50, 51, 75, 76, 100, 125, 126, 127, 150, 151, 152, 175, 200, 225, 250, 251, 252, 275, 276, 277, 300, 325, 350, 375, 376, 377, 400, 401, 402, 425, 450, 475, 500, 501, 525, 526, 550, 575, 600 ],;;;;;;;
[ 1, 2, 3, 4, 5, 6, 7, 8, 9, 10, 11, 12, 13, 14, 15, 16, 17, 18, 19, 20, 21, 22, 23, 24, 25, 26, 27, 28, 30, 31, 35, 36, 40, 41, 45, 46, 50, 51, 55, 56, 60, 61, 65, 66, 70, 71 ],;;;;;;;
[ 1, 2, 25, 26, 27, 50, 51, 75, 76, 100, 125, 126, 127, 150, 151, 152, 175, 200, 225, 250, 251, 252, 275, 276, 277, 300, 325, 350, 375, 376, 377, 400, 401, 402, 425, 450, 475, 500, 501, 502, 525, 526, 527, 550, 575, 600 ];;;;;;;
];;;;;;;
5;2;2;143;46;4;true;[
[ 1, 2, 3, 4, 5, 6, 7, 8, 9, 10, 11, 12, 13, 14, 15, 16, 17, 18, 19, 20, 21, 22, 23, 24, 25, 26, 27, 28, 30, 31, 35, 36, 40, 41, 45, 46, 50, 51, 55, 56, 60, 61, 65, 66, 75, 76 ],;;;;;;;
[ 1, 2, 3, 25, 26, 27, 28, 50, 51, 75, 76, 100, 125, 126, 127, 150, 151, 152, 175, 200, 225, 250, 251, 252, 275, 276, 277, 300, 325, 350, 375, 376, 377, 400, 401, 402, 425, 450, 475, 500, 501, 525, 526, 550, 575, 600 ],;;;;;;;
[ 1, 2, 3, 4, 5, 6, 7, 8, 9, 10, 11, 12, 13, 14, 15, 16, 17, 18, 19, 20, 21, 22, 23, 24, 25, 26, 27, 28, 30, 31, 35, 36, 40, 41, 45, 46, 50, 51, 55, 56, 60, 61, 65, 66, 70, 71 ],;;;;;;;
[ 1, 2, 25, 26, 27, 50, 51, 75, 76, 100, 125, 126, 127, 150, 151, 152, 175, 200, 225, 250, 251, 252, 275, 276, 277, 300, 325, 350, 375, 376, 377, 400, 401, 402, 425, 450, 475, 500, 501, 502, 525, 526, 527, 550, 575, 600 ];;;;;;;
];;;;;;;
5;2;2;144;46;4;true;[
[ 1, 2, 3, 4, 5, 6, 7, 8, 9, 10, 11, 12, 13, 14, 15, 16, 17, 18, 19, 20, 21, 22, 23, 24, 25, 26, 27, 28, 30, 31, 35, 36, 40, 41, 45, 46, 50, 51, 55, 56, 60, 61, 65, 66, 75, 76 ],;;;;;;;
[ 1, 2, 3, 25, 26, 27, 28, 50, 51, 75, 76, 100, 125, 126, 127, 150, 151, 152, 175, 200, 225, 250, 251, 252, 275, 276, 277, 300, 325, 350, 375, 376, 377, 400, 401, 402, 425, 450, 475, 500, 501, 525, 526, 550, 575, 600 ],;;;;;;;
[ 1, 2, 3, 4, 5, 6, 7, 8, 9, 10, 11, 12, 13, 14, 15, 16, 17, 18, 19, 20, 21, 22, 23, 24, 25, 26, 27, 28, 30, 31, 35, 36, 40, 41, 45, 46, 50, 51, 55, 56, 60, 61, 65, 66, 70, 71 ],;;;;;;;
[ 1, 2, 25, 26, 27, 50, 51, 75, 76, 100, 125, 126, 127, 150, 151, 152, 175, 200, 225, 250, 251, 252, 275, 276, 277, 300, 325, 350, 375, 376, 377, 400, 401, 402, 425, 450, 475, 500, 501, 502, 525, 526, 527, 550, 575, 600 ];;;;;;;
];;;;;;;
5;2;2;145;47;6;true;[
[ 1, 2, 3, 4, 5, 6, 7, 8, 9, 10, 11, 12, 13, 14, 15, 16, 17, 18, 19, 20, 21, 22, 23, 24, 25, 26, 27, 28, 29, 30, 31, 35, 36, 40, 41, 45, 46, 50, 51, 55, 56, 60, 61, 65, 66, 75, 76 ],;;;;;;;
[ 1, 2, 3, 25, 26, 27, 28, 50, 51, 75, 76, 100, 101, 125, 126, 127, 150, 151, 152, 175, 200, 225, 250, 251, 252, 275, 276, 277, 300, 325, 350, 375, 376, 377, 400, 401, 402, 425, 450, 475, 500, 501, 525, 526, 550, 575, 600 ],;;;;;;;
[ 1, 2, 3, 4, 5, 6, 7, 8, 9, 10, 11, 12, 13, 14, 15, 16, 17, 18, 19, 20, 21, 22, 23, 24, 25, 26, 27, 28, 29, 30, 31, 35, 36, 40, 41, 45, 46, 50, 51, 55, 56, 60, 61, 65, 66, 70, 75 ],;;;;;;;
[ 1, 2, 3, 4, 5, 6, 7, 8, 9, 10, 11, 12, 13, 14, 15, 16, 17, 18, 19, 20, 21, 22, 23, 24, 25, 26, 27, 28, 29, 30, 31, 35, 36, 40, 41, 45, 46, 50, 51, 55, 56, 60, 61, 65, 66, 70, 71 ],;;;;;;;
[ 1, 2, 3, 25, 26, 27, 50, 51, 75, 76, 100, 101, 125, 126, 127, 150, 151, 152, 175, 200, 225, 250, 251, 252, 275, 276, 277, 300, 325, 350, 375, 376, 377, 400, 401, 402, 425, 450, 475, 500, 501, 502, 525, 526, 550, 575, 600 ],;;;;;;;
[ 1, 2, 25, 26, 27, 50, 51, 75, 76, 100, 101, 125, 126, 127, 150, 151, 152, 175, 200, 225, 250, 251, 252, 275, 276, 277, 300, 325, 350, 375, 376, 377, 400, 401, 402, 425, 450, 475, 500, 501, 502, 525, 526, 527, 550, 575, 600 ];;;;;;;
];;;;;;;
5;2;2;146;48;4;true;[
[ 1, 2, 3, 4, 5, 6, 7, 8, 9, 10, 11, 12, 13, 14, 15, 16, 17, 18, 19, 20, 21, 22, 23, 24, 25, 26, 27, 28, 29, 30, 31, 35, 36, 40, 41, 45, 46, 50, 51, 55, 56, 60, 61, 65, 66, 70, 75, 76 ],;;;;;;;
[ 1, 2, 3, 25, 26, 27, 28, 50, 51, 75, 76, 100, 101, 125, 126, 127, 150, 151, 152, 175, 200, 225, 250, 251, 252, 275, 276, 277, 300, 325, 350, 375, 376, 377, 400, 401, 402, 425, 450, 475, 500, 501, 502, 525, 526, 550, 575, 600 ],;;;;;;;
[ 1, 2, 3, 4, 5, 6, 7, 8, 9, 10, 11, 12, 13, 14, 15, 16, 17, 18, 19, 20, 21, 22, 23, 24, 25, 26, 27, 28, 29, 30, 31, 35, 36, 40, 41, 45, 46, 50, 51, 55, 56, 60, 61, 65, 66, 70, 71, 75 ],;;;;;;;
[ 1, 2, 3, 25, 26, 27, 50, 51, 75, 76, 100, 101, 125, 126, 127, 150, 151, 152, 175, 200, 225, 250, 251, 252, 275, 276, 277, 300, 325, 350, 375, 376, 377, 400, 401, 402, 425, 450, 475, 500, 501, 502, 525, 526, 527, 550, 575, 600 ];;;;;;;
];;;;;;;
5;2;2;147;49;2;true;[
[ 1, 2, 3, 4, 5, 6, 7, 8, 9, 10, 11, 12, 13, 14, 15, 16, 17, 18, 19, 20, 21, 22, 23, 24, 25, 26, 27, 28, 29, 30, 31, 35, 36, 40, 41, 45, 46, 50, 51, 55, 56, 60, 61, 65, 66, 70, 71, 75, 76 ],;;;;;;;
[ 1, 2, 3, 25, 26, 27, 28, 50, 51, 75, 76, 100, 101, 125, 126, 127, 150, 151, 152, 175, 200, 225, 250, 251, 252, 275, 276, 277, 300, 325, 350, 375, 376, 377, 400, 401, 402, 425, 450, 475, 500, 501, 502, 525, 526, 527, 550, 575, 600 ];;;;;;;
];;;;;;;
5;2;2;148;49;2;true;[
[ 1, 2, 3, 4, 5, 6, 7, 8, 9, 10, 11, 12, 13, 14, 15, 16, 17, 18, 19, 20, 21, 22, 23, 24, 25, 26, 27, 28, 29, 30, 31, 35, 36, 40, 41, 45, 46, 50, 51, 55, 56, 60, 61, 65, 66, 70, 71, 75, 76 ],;;;;;;;
[ 1, 2, 3, 25, 26, 27, 28, 50, 51, 75, 76, 100, 101, 125, 126, 127, 150, 151, 152, 175, 200, 225, 250, 251, 252, 275, 276, 277, 300, 325, 350, 375, 376, 377, 400, 401, 402, 425, 450, 475, 500, 501, 502, 525, 526, 527, 550, 575, 600 ];;;;;;;
];;;;;;;
5;2;2;149;49;2;true;[
[ 1, 2, 3, 4, 5, 6, 7, 8, 9, 10, 11, 12, 13, 14, 15, 16, 17, 18, 19, 20, 21, 22, 23, 24, 25, 26, 27, 28, 29, 30, 31, 35, 36, 40, 41, 45, 46, 50, 51, 55, 56, 60, 61, 65, 66, 70, 71, 75, 76 ],;;;;;;;
[ 1, 2, 3, 25, 26, 27, 28, 50, 51, 75, 76, 100, 101, 125, 126, 127, 150, 151, 152, 175, 200, 225, 250, 251, 252, 275, 276, 277, 300, 325, 350, 375, 376, 377, 400, 401, 402, 425, 450, 475, 500, 501, 502, 525, 526, 527, 550, 575, 600 ];;;;;;;
];;;;;;;
5;2;2;150;49;2;true;[
[ 1, 2, 3, 4, 5, 6, 7, 8, 9, 10, 11, 12, 13, 14, 15, 16, 17, 18, 19, 20, 21, 22, 23, 24, 25, 26, 27, 28, 29, 30, 31, 35, 36, 40, 41, 45, 46, 50, 51, 55, 56, 60, 61, 65, 66, 70, 71, 75, 76 ],;;;;;;;
[ 1, 2, 3, 25, 26, 27, 28, 50, 51, 75, 76, 100, 101, 125, 126, 127, 150, 151, 152, 175, 200, 225, 250, 251, 252, 275, 276, 277, 300, 325, 350, 375, 376, 377, 400, 401, 402, 425, 450, 475, 500, 501, 502, 525, 526, 527, 550, 575, 600 ];;;;;;;
];;;;;;;
5;2;2;151;49;2;true;[
[ 1, 2, 3, 4, 5, 6, 7, 8, 9, 10, 11, 12, 13, 14, 15, 16, 17, 18, 19, 20, 21, 22, 23, 24, 25, 26, 27, 28, 29, 30, 31, 35, 36, 40, 41, 45, 46, 50, 51, 55, 56, 60, 61, 65, 66, 70, 71, 75, 76 ],;;;;;;;
[ 1, 2, 3, 25, 26, 27, 28, 50, 51, 75, 76, 100, 101, 125, 126, 127, 150, 151, 152, 175, 200, 225, 250, 251, 252, 275, 276, 277, 300, 325, 350, 375, 376, 377, 400, 401, 402, 425, 450, 475, 500, 501, 502, 525, 526, 527, 550, 575, 600 ];;;;;;;
];;;;;;;
5;2;2;152;49;2;true;[
[ 1, 2, 3, 4, 5, 6, 7, 8, 9, 10, 11, 12, 13, 14, 15, 16, 17, 18, 19, 20, 21, 22, 23, 24, 25, 26, 27, 28, 29, 30, 31, 35, 36, 40, 41, 45, 46, 50, 51, 55, 56, 60, 61, 65, 66, 70, 71, 75, 76 ],;;;;;;;
[ 1, 2, 3, 25, 26, 27, 28, 50, 51, 75, 76, 100, 101, 125, 126, 127, 150, 151, 152, 175, 200, 225, 250, 251, 252, 275, 276, 277, 300, 325, 350, 375, 376, 377, 400, 401, 402, 425, 450, 475, 500, 501, 502, 525, 526, 527, 550, 575, 600 ];;;;;;;
];;;;;;;
5;2;2;153;49;2;true;[
[ 1, 2, 3, 4, 5, 6, 7, 8, 9, 10, 11, 12, 13, 14, 15, 16, 17, 18, 19, 20, 21, 22, 23, 24, 25, 26, 27, 28, 29, 30, 31, 35, 36, 40, 41, 45, 46, 50, 51, 55, 56, 60, 61, 65, 66, 70, 71, 75, 76 ],;;;;;;;
[ 1, 2, 3, 25, 26, 27, 28, 50, 51, 75, 76, 100, 101, 125, 126, 127, 150, 151, 152, 175, 200, 225, 250, 251, 252, 275, 276, 277, 300, 325, 350, 375, 376, 377, 400, 401, 402, 425, 450, 475, 500, 501, 502, 525, 526, 527, 550, 575, 600 ];;;;;;;
];;;;;;;
5;2;2;154;49;2;true;[
[ 1, 2, 3, 4, 5, 6, 7, 8, 9, 10, 11, 12, 13, 14, 15, 16, 17, 18, 19, 20, 21, 22, 23, 24, 25, 26, 27, 28, 29, 30, 31, 35, 36, 40, 41, 45, 46, 50, 51, 55, 56, 60, 61, 65, 66, 70, 71, 75, 76 ],;;;;;;;
[ 1, 2, 3, 25, 26, 27, 28, 50, 51, 75, 76, 100, 101, 125, 126, 127, 150, 151, 152, 175, 200, 225, 250, 251, 252, 275, 276, 277, 300, 325, 350, 375, 376, 377, 400, 401, 402, 425, 450, 475, 500, 501, 502, 525, 526, 527, 550, 575, 600 ];;;;;;;
];;;;;;;
5;2;2;155;49;2;true;[
[ 1, 2, 3, 4, 5, 6, 7, 8, 9, 10, 11, 12, 13, 14, 15, 16, 17, 18, 19, 20, 21, 22, 23, 24, 25, 26, 27, 28, 29, 30, 31, 35, 36, 40, 41, 45, 46, 50, 51, 55, 56, 60, 61, 65, 66, 70, 71, 75, 76 ],;;;;;;;
[ 1, 2, 3, 25, 26, 27, 28, 50, 51, 75, 76, 100, 101, 125, 126, 127, 150, 151, 152, 175, 200, 225, 250, 251, 252, 275, 276, 277, 300, 325, 350, 375, 376, 377, 400, 401, 402, 425, 450, 475, 500, 501, 502, 525, 526, 527, 550, 575, 600 ];;;;;;;
];;;;;;;
5;2;2;156;49;2;true;[
[ 1, 2, 3, 4, 5, 6, 7, 8, 9, 10, 11, 12, 13, 14, 15, 16, 17, 18, 19, 20, 21, 22, 23, 24, 25, 26, 27, 28, 29, 30, 31, 35, 36, 40, 41, 45, 46, 50, 51, 55, 56, 60, 61, 65, 66, 70, 71, 75, 76 ],;;;;;;;
[ 1, 2, 3, 25, 26, 27, 28, 50, 51, 75, 76, 100, 101, 125, 126, 127, 150, 151, 152, 175, 200, 225, 250, 251, 252, 275, 276, 277, 300, 325, 350, 375, 376, 377, 400, 401, 402, 425, 450, 475, 500, 501, 502, 525, 526, 527, 550, 575, 600 ];;;;;;;
];;;;;;;
5;2;2;157;49;2;true;[
[ 1, 2, 3, 4, 5, 6, 7, 8, 9, 10, 11, 12, 13, 14, 15, 16, 17, 18, 19, 20, 21, 22, 23, 24, 25, 26, 27, 28, 29, 30, 31, 35, 36, 40, 41, 45, 46, 50, 51, 55, 56, 60, 61, 65, 66, 70, 71, 75, 76 ],;;;;;;;
[ 1, 2, 3, 25, 26, 27, 28, 50, 51, 75, 76, 100, 101, 125, 126, 127, 150, 151, 152, 175, 200, 225, 250, 251, 252, 275, 276, 277, 300, 325, 350, 375, 376, 377, 400, 401, 402, 425, 450, 475, 500, 501, 502, 525, 526, 527, 550, 575, 600 ];;;;;;;
];;;;;;;
5;2;2;158;49;2;true;[
[ 1, 2, 3, 4, 5, 6, 7, 8, 9, 10, 11, 12, 13, 14, 15, 16, 17, 18, 19, 20, 21, 22, 23, 24, 25, 26, 27, 28, 29, 30, 31, 35, 36, 40, 41, 45, 46, 50, 51, 55, 56, 60, 61, 65, 66, 70, 71, 75, 76 ],;;;;;;;
[ 1, 2, 3, 25, 26, 27, 28, 50, 51, 75, 76, 100, 101, 125, 126, 127, 150, 151, 152, 175, 200, 225, 250, 251, 252, 275, 276, 277, 300, 325, 350, 375, 376, 377, 400, 401, 402, 425, 450, 475, 500, 501, 502, 525, 526, 527, 550, 575, 600 ];;;;;;;
];;;;;;;
5;2;2;159;49;2;true;[
[ 1, 2, 3, 4, 5, 6, 7, 8, 9, 10, 11, 12, 13, 14, 15, 16, 17, 18, 19, 20, 21, 22, 23, 24, 25, 26, 27, 28, 29, 30, 31, 35, 36, 40, 41, 45, 46, 50, 51, 55, 56, 60, 61, 65, 66, 70, 71, 75, 76 ],;;;;;;;
[ 1, 2, 3, 25, 26, 27, 28, 50, 51, 75, 76, 100, 101, 125, 126, 127, 150, 151, 152, 175, 200, 225, 250, 251, 252, 275, 276, 277, 300, 325, 350, 375, 376, 377, 400, 401, 402, 425, 450, 475, 500, 501, 502, 525, 526, 527, 550, 575, 600 ];;;;;;;
];;;;;;;
5;2;2;160;51;2;true;[
[ 1, 2, 3, 4, 5, 6, 7, 8, 9, 10, 11, 12, 13, 14, 15, 16, 17, 18, 19, 20, 21, 22, 23, 24, 25, 26, 27, 28, 29, 30, 31, 32, 35, 36, 40, 41, 45, 46, 50, 51, 55, 56, 60, 61, 65, 66, 70, 71, 75, 76, 80 ],;;;;;;;
[ 1, 2, 3, 25, 26, 27, 28, 50, 51, 75, 76, 100, 101, 125, 126, 127, 128, 150, 151, 152, 175, 176, 200, 225, 250, 251, 252, 275, 276, 277, 300, 325, 350, 375, 376, 377, 400, 401, 402, 425, 450, 475, 500, 501, 502, 525, 526, 527, 550, 575, 600 ];;;;;;;
];;;;;;;
5;2;2;161;51;2;true;[
[ 1, 2, 3, 4, 5, 6, 7, 8, 9, 10, 11, 12, 13, 14, 15, 16, 17, 18, 19, 20, 21, 22, 23, 24, 25, 26, 27, 28, 29, 30, 31, 32, 35, 36, 40, 41, 45, 46, 50, 51, 55, 56, 60, 61, 65, 66, 70, 71, 75, 76, 80 ],;;;;;;;
[ 1, 2, 3, 25, 26, 27, 28, 50, 51, 75, 76, 100, 101, 125, 126, 127, 128, 150, 151, 152, 175, 176, 200, 225, 250, 251, 252, 275, 276, 277, 300, 325, 350, 375, 376, 377, 400, 401, 402, 425, 450, 475, 500, 501, 502, 525, 526, 527, 550, 575, 600 ];;;;;;;
];;;;;;;
5;2;2;162;52;2;true;[
[ 1, 2, 3, 4, 5, 6, 7, 8, 9, 10, 11, 12, 13, 14, 15, 16, 17, 18, 19, 20, 21, 22, 23, 24, 25, 26, 27, 28, 29, 30, 31, 32, 35, 36, 40, 41, 45, 46, 50, 51, 55, 56, 60, 61, 65, 66, 70, 71, 75, 76, 80, 81 ],;;;;;;;
[ 1, 2, 3, 25, 26, 27, 28, 50, 51, 75, 76, 100, 101, 125, 126, 127, 128, 150, 151, 152, 153, 175, 176, 200, 225, 250, 251, 252, 275, 276, 277, 300, 325, 350, 375, 376, 377, 400, 401, 402, 425, 450, 475, 500, 501, 502, 525, 526, 527, 550, 575, 600 ];;;;;;;
];;;;;;;
5;2;2;163;52;2;true;[
[ 1, 2, 3, 4, 5, 6, 7, 8, 9, 10, 11, 12, 13, 14, 15, 16, 17, 18, 19, 20, 21, 22, 23, 24, 25, 26, 27, 28, 29, 30, 31, 32, 35, 36, 40, 41, 45, 46, 50, 51, 55, 56, 60, 61, 65, 66, 70, 71, 75, 76, 80, 81 ],;;;;;;;
[ 1, 2, 3, 25, 26, 27, 28, 50, 51, 75, 76, 100, 101, 125, 126, 127, 128, 150, 151, 152, 153, 175, 176, 200, 225, 250, 251, 252, 275, 276, 277, 300, 325, 350, 375, 376, 377, 400, 401, 402, 425, 450, 475, 500, 501, 502, 525, 526, 527, 550, 575, 600 ];;;;;;;
];;;;;;;
5;2;2;164;52;2;true;[
[ 1, 2, 3, 4, 5, 6, 7, 8, 9, 10, 11, 12, 13, 14, 15, 16, 17, 18, 19, 20, 21, 22, 23, 24, 25, 26, 27, 28, 29, 30, 31, 32, 35, 36, 40, 41, 45, 46, 50, 51, 55, 56, 60, 61, 65, 66, 70, 71, 75, 76, 80, 81 ],;;;;;;;
[ 1, 2, 3, 25, 26, 27, 28, 50, 51, 75, 76, 100, 101, 125, 126, 127, 128, 150, 151, 152, 153, 175, 176, 200, 225, 250, 251, 252, 275, 276, 277, 300, 325, 350, 375, 376, 377, 400, 401, 402, 425, 450, 475, 500, 501, 502, 525, 526, 527, 550, 575, 600 ];;;;;;;
];;;;;;;
5;2;2;165;53;2;true;[
[ 1, 2, 3, 4, 5, 6, 7, 8, 9, 10, 11, 12, 13, 14, 15, 16, 17, 18, 19, 20, 21, 22, 23, 24, 25, 26, 27, 28, 29, 30, 31, 32, 33, 35, 36, 40, 41, 45, 46, 50, 51, 55, 56, 60, 61, 65, 66, 70, 71, 75, 76, 80, 81 ],;;;;;;;
[ 1, 2, 3, 25, 26, 27, 28, 50, 51, 75, 76, 100, 101, 125, 126, 127, 128, 150, 151, 152, 153, 175, 176, 200, 201, 225, 250, 251, 252, 275, 276, 277, 300, 325, 350, 375, 376, 377, 400, 401, 402, 425, 450, 475, 500, 501, 502, 525, 526, 527, 550, 575, 600 ];;;;;;;
];;;;;;;
5;2;2;166;53;2;true;[
[ 1, 2, 3, 4, 5, 6, 7, 8, 9, 10, 11, 12, 13, 14, 15, 16, 17, 18, 19, 20, 21, 22, 23, 24, 25, 26, 27, 28, 29, 30, 31, 32, 33, 35, 36, 40, 41, 45, 46, 50, 51, 55, 56, 60, 61, 65, 66, 70, 71, 75, 76, 80, 81 ],;;;;;;;
[ 1, 2, 3, 25, 26, 27, 28, 50, 51, 75, 76, 100, 101, 125, 126, 127, 128, 150, 151, 152, 153, 175, 176, 200, 201, 225, 250, 251, 252, 275, 276, 277, 300, 325, 350, 375, 376, 377, 400, 401, 402, 425, 450, 475, 500, 501, 502, 525, 526, 527, 550, 575, 600 ];;;;;;;
];;;;;;;
5;2;2;167;53;2;true;[
[ 1, 2, 3, 4, 5, 6, 7, 8, 9, 10, 11, 12, 13, 14, 15, 16, 17, 18, 19, 20, 21, 22, 23, 24, 25, 26, 27, 28, 29, 30, 31, 32, 33, 35, 36, 40, 41, 45, 46, 50, 51, 55, 56, 60, 61, 65, 66, 70, 71, 75, 76, 80, 81 ],;;;;;;;
[ 1, 2, 3, 25, 26, 27, 28, 50, 51, 75, 76, 100, 101, 125, 126, 127, 128, 150, 151, 152, 153, 175, 176, 200, 201, 225, 250, 251, 252, 275, 276, 277, 300, 325, 350, 375, 376, 377, 400, 401, 402, 425, 450, 475, 500, 501, 502, 525, 526, 527, 550, 575, 600 ];;;;;;;
];;;;;;;
5;2;2;168;53;2;true;[
[ 1, 2, 3, 4, 5, 6, 7, 8, 9, 10, 11, 12, 13, 14, 15, 16, 17, 18, 19, 20, 21, 22, 23, 24, 25, 26, 27, 28, 29, 30, 31, 32, 33, 35, 36, 40, 41, 45, 46, 50, 51, 55, 56, 60, 61, 65, 66, 70, 71, 75, 76, 80, 81 ],;;;;;;;
[ 1, 2, 3, 25, 26, 27, 28, 50, 51, 75, 76, 100, 101, 125, 126, 127, 128, 150, 151, 152, 153, 175, 176, 200, 201, 225, 250, 251, 252, 275, 276, 277, 300, 325, 350, 375, 376, 377, 400, 401, 402, 425, 450, 475, 500, 501, 502, 525, 526, 527, 550, 575, 600 ];;;;;;;
];;;;;;;
5;2;2;169;53;2;true;[
[ 1, 2, 3, 4, 5, 6, 7, 8, 9, 10, 11, 12, 13, 14, 15, 16, 17, 18, 19, 20, 21, 22, 23, 24, 25, 26, 27, 28, 29, 30, 31, 32, 33, 35, 36, 40, 41, 45, 46, 50, 51, 55, 56, 60, 61, 65, 66, 70, 71, 75, 76, 80, 81 ],;;;;;;;
[ 1, 2, 3, 25, 26, 27, 28, 50, 51, 75, 76, 100, 101, 125, 126, 127, 128, 150, 151, 152, 153, 175, 176, 200, 201, 225, 250, 251, 252, 275, 276, 277, 300, 325, 350, 375, 376, 377, 400, 401, 402, 425, 450, 475, 500, 501, 502, 525, 526, 527, 550, 575, 600 ];;;;;;;
];;;;;;;
5;2;2;170;55;4;true;[
[ 1, 2, 3, 4, 5, 6, 7, 8, 9, 10, 11, 12, 13, 14, 15, 16, 17, 18, 19, 20, 21, 22, 23, 24, 25, 26, 27, 28, 29, 30, 31, 32, 33, 34, 35, 36, 40, 41, 45, 46, 50, 51, 55, 56, 60, 61, 65, 66, 70, 71, 75, 76, 80, 85, 90 ],;;;;;;;
[ 1, 2, 3, 4, 5, 6, 7, 8, 9, 10, 11, 12, 13, 14, 15, 16, 17, 18, 19, 20, 21, 22, 23, 24, 25, 26, 27, 28, 29, 30, 31, 32, 33, 34, 35, 36, 40, 41, 45, 46, 50, 51, 55, 56, 60, 61, 65, 66, 70, 71, 75, 76, 80, 81, 85 ],;;;;;;;
[ 1, 2, 3, 25, 26, 27, 28, 50, 51, 75, 76, 100, 101, 125, 126, 127, 128, 150, 151, 152, 175, 176, 200, 201, 225, 226, 250, 251, 252, 253, 275, 276, 277, 300, 325, 350, 375, 376, 377, 378, 400, 401, 402, 425, 450, 475, 500, 501, 502, 525, 526, 527, 550, 575, 600 ],;;;;;;;
[ 1, 2, 3, 25, 26, 27, 28, 50, 51, 75, 76, 100, 101, 125, 126, 127, 128, 150, 151, 152, 153, 175, 176, 200, 201, 225, 226, 250, 251, 252, 253, 275, 276, 277, 300, 325, 350, 375, 376, 377, 400, 401, 402, 425, 450, 475, 500, 501, 502, 525, 526, 527, 550, 575, 600 ];;;;;;;
];;;;;;;
5;2;2;171;56;2;true;[
[ 1, 2, 3, 4, 5, 6, 7, 8, 9, 10, 11, 12, 13, 14, 15, 16, 17, 18, 19, 20, 21, 22, 23, 24, 25, 26, 27, 28, 29, 30, 31, 32, 33, 34, 35, 36, 40, 41, 45, 46, 50, 51, 55, 56, 60, 61, 65, 66, 70, 71, 75, 76, 80, 81, 85, 90 ],;;;;;;;
[ 1, 2, 3, 25, 26, 27, 28, 50, 51, 75, 76, 100, 101, 125, 126, 127, 128, 150, 151, 152, 153, 175, 176, 200, 201, 225, 226, 250, 251, 252, 253, 275, 276, 277, 300, 325, 350, 375, 376, 377, 378, 400, 401, 402, 425, 450, 475, 500, 501, 502, 525, 526, 527, 550, 575, 600 ];;;;;;;
];;;;;;;
5;2;2;172;57;2;true;[
[ 1, 2, 3, 4, 5, 6, 7, 8, 9, 10, 11, 12, 13, 14, 15, 16, 17, 18, 19, 20, 21, 22, 23, 24, 25, 26, 27, 28, 29, 30, 31, 32, 33, 34, 35, 36, 40, 41, 45, 46, 50, 51, 55, 56, 60, 61, 65, 66, 70, 71, 75, 76, 80, 81, 85, 86, 90 ],;;;;;;;
[ 1, 2, 3, 25, 26, 27, 28, 50, 51, 75, 76, 100, 101, 125, 126, 127, 128, 150, 151, 152, 153, 175, 176, 200, 201, 225, 226, 250, 251, 252, 253, 275, 276, 277, 278, 300, 325, 350, 375, 376, 377, 378, 400, 401, 402, 425, 450, 475, 500, 501, 502, 525, 526, 527, 550, 575, 600 ];;;;;;;
];;;;;;;
5;2;2;173;57;2;true;[
[ 1, 2, 3, 4, 5, 6, 7, 8, 9, 10, 11, 12, 13, 14, 15, 16, 17, 18, 19, 20, 21, 22, 23, 24, 25, 26, 27, 28, 29, 30, 31, 32, 33, 34, 35, 36, 40, 41, 45, 46, 50, 51, 55, 56, 60, 61, 65, 66, 70, 71, 75, 76, 80, 81, 85, 86, 90 ],;;;;;;;
[ 1, 2, 3, 25, 26, 27, 28, 50, 51, 75, 76, 100, 101, 125, 126, 127, 128, 150, 151, 152, 153, 175, 176, 200, 201, 225, 226, 250, 251, 252, 253, 275, 276, 277, 278, 300, 325, 350, 375, 376, 377, 378, 400, 401, 402, 425, 450, 475, 500, 501, 502, 525, 526, 527, 550, 575, 600 ];;;;;;;
];;;;;;;
5;2;2;174;57;2;true;[
[ 1, 2, 3, 4, 5, 6, 7, 8, 9, 10, 11, 12, 13, 14, 15, 16, 17, 18, 19, 20, 21, 22, 23, 24, 25, 26, 27, 28, 29, 30, 31, 32, 33, 34, 35, 36, 40, 41, 45, 46, 50, 51, 55, 56, 60, 61, 65, 66, 70, 71, 75, 76, 80, 81, 85, 86, 90 ],;;;;;;;
[ 1, 2, 3, 25, 26, 27, 28, 50, 51, 75, 76, 100, 101, 125, 126, 127, 128, 150, 151, 152, 153, 175, 176, 200, 201, 225, 226, 250, 251, 252, 253, 275, 276, 277, 278, 300, 325, 350, 375, 376, 377, 378, 400, 401, 402, 425, 450, 475, 500, 501, 502, 525, 526, 527, 550, 575, 600 ];;;;;;;
];;;;;;;
5;2;2;175;57;2;true;[
[ 1, 2, 3, 4, 5, 6, 7, 8, 9, 10, 11, 12, 13, 14, 15, 16, 17, 18, 19, 20, 21, 22, 23, 24, 25, 26, 27, 28, 29, 30, 31, 32, 33, 34, 35, 36, 40, 41, 45, 46, 50, 51, 55, 56, 60, 61, 65, 66, 70, 71, 75, 76, 80, 81, 85, 86, 90 ],;;;;;;;
[ 1, 2, 3, 25, 26, 27, 28, 50, 51, 75, 76, 100, 101, 125, 126, 127, 128, 150, 151, 152, 153, 175, 176, 200, 201, 225, 226, 250, 251, 252, 253, 275, 276, 277, 278, 300, 325, 350, 375, 376, 377, 378, 400, 401, 402, 425, 450, 475, 500, 501, 502, 525, 526, 527, 550, 575, 600 ];;;;;;;
];;;;;;;
5;2;2;176;57;2;true;[
[ 1, 2, 3, 4, 5, 6, 7, 8, 9, 10, 11, 12, 13, 14, 15, 16, 17, 18, 19, 20, 21, 22, 23, 24, 25, 26, 27, 28, 29, 30, 31, 32, 33, 34, 35, 36, 40, 41, 45, 46, 50, 51, 55, 56, 60, 61, 65, 66, 70, 71, 75, 76, 80, 81, 85, 86, 90 ],;;;;;;;
[ 1, 2, 3, 25, 26, 27, 28, 50, 51, 75, 76, 100, 101, 125, 126, 127, 128, 150, 151, 152, 153, 175, 176, 200, 201, 225, 226, 250, 251, 252, 253, 275, 276, 277, 278, 300, 325, 350, 375, 376, 377, 378, 400, 401, 402, 425, 450, 475, 500, 501, 502, 525, 526, 527, 550, 575, 600 ];;;;;;;
];;;;;;;
5;2;2;177;57;2;true;[
[ 1, 2, 3, 4, 5, 6, 7, 8, 9, 10, 11, 12, 13, 14, 15, 16, 17, 18, 19, 20, 21, 22, 23, 24, 25, 26, 27, 28, 29, 30, 31, 32, 33, 34, 35, 36, 40, 41, 45, 46, 50, 51, 55, 56, 60, 61, 65, 66, 70, 71, 75, 76, 80, 81, 85, 86, 90 ],;;;;;;;
[ 1, 2, 3, 25, 26, 27, 28, 50, 51, 75, 76, 100, 101, 125, 126, 127, 128, 150, 151, 152, 153, 175, 176, 200, 201, 225, 226, 250, 251, 252, 253, 275, 276, 277, 278, 300, 325, 350, 375, 376, 377, 378, 400, 401, 402, 425, 450, 475, 500, 501, 502, 525, 526, 527, 550, 575, 600 ];;;;;;;
];;;;;;;
5;2;2;178;57;2;true;[
[ 1, 2, 3, 4, 5, 6, 7, 8, 9, 10, 11, 12, 13, 14, 15, 16, 17, 18, 19, 20, 21, 22, 23, 24, 25, 26, 27, 28, 29, 30, 31, 32, 33, 34, 35, 36, 40, 41, 45, 46, 50, 51, 55, 56, 60, 61, 65, 66, 70, 71, 75, 76, 80, 81, 85, 86, 90 ],;;;;;;;
[ 1, 2, 3, 25, 26, 27, 28, 50, 51, 75, 76, 100, 101, 125, 126, 127, 128, 150, 151, 152, 153, 175, 176, 200, 201, 225, 226, 250, 251, 252, 253, 275, 276, 277, 278, 300, 325, 350, 375, 376, 377, 378, 400, 401, 402, 425, 450, 475, 500, 501, 502, 525, 526, 527, 550, 575, 600 ];;;;;;;
];;;;;;;
5;2;2;179;57;2;true;[
[ 1, 2, 3, 4, 5, 6, 7, 8, 9, 10, 11, 12, 13, 14, 15, 16, 17, 18, 19, 20, 21, 22, 23, 24, 25, 26, 27, 28, 29, 30, 31, 32, 33, 34, 35, 36, 40, 41, 45, 46, 50, 51, 55, 56, 60, 61, 65, 66, 70, 71, 75, 76, 80, 81, 85, 86, 90 ],;;;;;;;
[ 1, 2, 3, 25, 26, 27, 28, 50, 51, 75, 76, 100, 101, 125, 126, 127, 128, 150, 151, 152, 153, 175, 176, 200, 201, 225, 226, 250, 251, 252, 253, 275, 276, 277, 278, 300, 325, 350, 375, 376, 377, 378, 400, 401, 402, 425, 450, 475, 500, 501, 502, 525, 526, 527, 550, 575, 600 ];;;;;;;
];;;;;;;
5;2;2;180;57;2;true;[
[ 1, 2, 3, 4, 5, 6, 7, 8, 9, 10, 11, 12, 13, 14, 15, 16, 17, 18, 19, 20, 21, 22, 23, 24, 25, 26, 27, 28, 29, 30, 31, 32, 33, 34, 35, 36, 40, 41, 45, 46, 50, 51, 55, 56, 60, 61, 65, 66, 70, 71, 75, 76, 80, 81, 85, 86, 90 ],;;;;;;;
[ 1, 2, 3, 25, 26, 27, 28, 50, 51, 75, 76, 100, 101, 125, 126, 127, 128, 150, 151, 152, 153, 175, 176, 200, 201, 225, 226, 250, 251, 252, 253, 275, 276, 277, 278, 300, 325, 350, 375, 376, 377, 378, 400, 401, 402, 425, 450, 475, 500, 501, 502, 525, 526, 527, 550, 575, 600 ];;;;;;;
];;;;;;;
5;2;2;181;57;2;true;[
[ 1, 2, 3, 4, 5, 6, 7, 8, 9, 10, 11, 12, 13, 14, 15, 16, 17, 18, 19, 20, 21, 22, 23, 24, 25, 26, 27, 28, 29, 30, 31, 32, 33, 34, 35, 36, 40, 41, 45, 46, 50, 51, 55, 56, 60, 61, 65, 66, 70, 71, 75, 76, 80, 81, 85, 86, 90 ],;;;;;;;
[ 1, 2, 3, 25, 26, 27, 28, 50, 51, 75, 76, 100, 101, 125, 126, 127, 128, 150, 151, 152, 153, 175, 176, 200, 201, 225, 226, 250, 251, 252, 253, 275, 276, 277, 278, 300, 325, 350, 375, 376, 377, 378, 400, 401, 402, 425, 450, 475, 500, 501, 502, 525, 526, 527, 550, 575, 600 ];;;;;;;
];;;;;;;
5;2;2;182;58;2;true;[
[ 1, 2, 3, 4, 5, 6, 7, 8, 9, 10, 11, 12, 13, 14, 15, 16, 17, 18, 19, 20, 21, 22, 23, 24, 25, 26, 27, 28, 29, 30, 31, 32, 33, 34, 35, 36, 40, 41, 45, 46, 50, 51, 55, 56, 60, 61, 65, 66, 70, 71, 75, 76, 80, 81, 85, 86, 90, 91 ],;;;;;;;
[ 1, 2, 3, 25, 26, 27, 28, 50, 51, 75, 76, 100, 101, 125, 126, 127, 128, 150, 151, 152, 153, 175, 176, 200, 201, 225, 226, 250, 251, 252, 253, 275, 276, 277, 278, 300, 325, 350, 375, 376, 377, 378, 400, 401, 402, 403, 425, 450, 475, 500, 501, 502, 525, 526, 527, 550, 575, 600 ];;;;;;;
];;;;;;;
5;2;2;183;58;2;true;[
[ 1, 2, 3, 4, 5, 6, 7, 8, 9, 10, 11, 12, 13, 14, 15, 16, 17, 18, 19, 20, 21, 22, 23, 24, 25, 26, 27, 28, 29, 30, 31, 32, 33, 34, 35, 36, 40, 41, 45, 46, 50, 51, 55, 56, 60, 61, 65, 66, 70, 71, 75, 76, 80, 81, 85, 86, 90, 91 ],;;;;;;;
[ 1, 2, 3, 25, 26, 27, 28, 50, 51, 75, 76, 100, 101, 125, 126, 127, 128, 150, 151, 152, 153, 175, 176, 200, 201, 225, 226, 250, 251, 252, 253, 275, 276, 277, 278, 300, 325, 350, 375, 376, 377, 378, 400, 401, 402, 403, 425, 450, 475, 500, 501, 502, 525, 526, 527, 550, 575, 600 ];;;;;;;
];;;;;;;
5;2;2;184;58;2;true;[
[ 1, 2, 3, 4, 5, 6, 7, 8, 9, 10, 11, 12, 13, 14, 15, 16, 17, 18, 19, 20, 21, 22, 23, 24, 25, 26, 27, 28, 29, 30, 31, 32, 33, 34, 35, 36, 40, 41, 45, 46, 50, 51, 55, 56, 60, 61, 65, 66, 70, 71, 75, 76, 80, 81, 85, 86, 90, 91 ],;;;;;;;
[ 1, 2, 3, 25, 26, 27, 28, 50, 51, 75, 76, 100, 101, 125, 126, 127, 128, 150, 151, 152, 153, 175, 176, 200, 201, 225, 226, 250, 251, 252, 253, 275, 276, 277, 278, 300, 325, 350, 375, 376, 377, 378, 400, 401, 402, 403, 425, 450, 475, 500, 501, 502, 525, 526, 527, 550, 575, 600 ];;;;;;;
];;;;;;;
5;2;2;185;59;2;true;[
[ 1, 2, 3, 4, 5, 6, 7, 8, 9, 10, 11, 12, 13, 14, 15, 16, 17, 18, 19, 20, 21, 22, 23, 24, 25, 26, 27, 28, 29, 30, 31, 32, 33, 34, 35, 36, 37, 40, 41, 45, 46, 50, 51, 55, 56, 60, 61, 65, 66, 70, 71, 75, 76, 80, 81, 85, 86, 90, 91 ],;;;;;;;
[ 1, 2, 3, 25, 26, 27, 28, 50, 51, 75, 76, 100, 101, 125, 126, 127, 128, 150, 151, 152, 153, 175, 176, 200, 201, 225, 226, 250, 251, 252, 253, 275, 276, 277, 278, 300, 301, 325, 350, 375, 376, 377, 378, 400, 401, 402, 403, 425, 450, 475, 500, 501, 502, 525, 526, 527, 550, 575, 600 ];;;;;;;
];;;;;;;
5;2;2;186;59;2;true;[
[ 1, 2, 3, 4, 5, 6, 7, 8, 9, 10, 11, 12, 13, 14, 15, 16, 17, 18, 19, 20, 21, 22, 23, 24, 25, 26, 27, 28, 29, 30, 31, 32, 33, 34, 35, 36, 37, 40, 41, 45, 46, 50, 51, 55, 56, 60, 61, 65, 66, 70, 71, 75, 76, 80, 81, 85, 86, 90, 91 ],;;;;;;;
[ 1, 2, 3, 25, 26, 27, 28, 50, 51, 75, 76, 100, 101, 125, 126, 127, 128, 150, 151, 152, 153, 175, 176, 200, 201, 225, 226, 250, 251, 252, 253, 275, 276, 277, 278, 300, 301, 325, 350, 375, 376, 377, 378, 400, 401, 402, 403, 425, 450, 475, 500, 501, 502, 525, 526, 527, 550, 575, 600 ];;;;;;;
];;;;;;;
5;2;2;187;59;4;true;[
[ 1, 2, 3, 4, 5, 6, 7, 8, 9, 10, 11, 12, 13, 14, 15, 16, 17, 18, 19, 20, 21, 22, 23, 24, 25, 26, 27, 28, 29, 30, 31, 32, 33, 34, 35, 36, 37, 40, 41, 45, 46, 50, 51, 55, 56, 60, 61, 65, 66, 70, 71, 75, 76, 80, 81, 85, 86, 100, 101 ],;;;;;;;
[ 1, 2, 3, 4, 25, 26, 27, 28, 29, 50, 51, 75, 76, 100, 101, 125, 126, 127, 128, 150, 151, 152, 153, 175, 176, 200, 201, 225, 226, 250, 251, 252, 253, 275, 276, 277, 278, 300, 301, 325, 350, 375, 376, 377, 400, 401, 402, 425, 450, 475, 500, 501, 502, 525, 526, 527, 550, 575, 600 ],;;;;;;;
[ 1, 2, 3, 4, 5, 6, 7, 8, 9, 10, 11, 12, 13, 14, 15, 16, 17, 18, 19, 20, 21, 22, 23, 24, 25, 26, 27, 28, 29, 30, 31, 32, 33, 34, 35, 36, 37, 40, 41, 45, 46, 50, 51, 55, 56, 60, 61, 65, 66, 70, 71, 75, 76, 80, 81, 85, 86, 90, 91 ],;;;;;;;
[ 1, 2, 3, 25, 26, 27, 28, 50, 51, 75, 76, 100, 101, 125, 126, 127, 128, 150, 151, 152, 153, 175, 176, 200, 201, 225, 226, 250, 251, 252, 253, 275, 276, 277, 278, 300, 301, 325, 350, 375, 376, 377, 378, 400, 401, 402, 403, 425, 450, 475, 500, 501, 502, 525, 526, 527, 550, 575, 600 ];;;;;;;
];;;;;;;
5;2;2;188;59;4;true;[
[ 1, 2, 3, 4, 5, 6, 7, 8, 9, 10, 11, 12, 13, 14, 15, 16, 17, 18, 19, 20, 21, 22, 23, 24, 25, 26, 27, 28, 29, 30, 31, 32, 33, 34, 35, 36, 37, 40, 41, 45, 46, 50, 51, 55, 56, 60, 61, 65, 66, 70, 71, 75, 76, 80, 81, 85, 86, 100, 101 ],;;;;;;;
[ 1, 2, 3, 4, 25, 26, 27, 28, 29, 50, 51, 75, 76, 100, 101, 125, 126, 127, 128, 150, 151, 152, 153, 175, 176, 200, 201, 225, 226, 250, 251, 252, 253, 275, 276, 277, 278, 300, 301, 325, 350, 375, 376, 377, 400, 401, 402, 425, 450, 475, 500, 501, 502, 525, 526, 527, 550, 575, 600 ],;;;;;;;
[ 1, 2, 3, 4, 5, 6, 7, 8, 9, 10, 11, 12, 13, 14, 15, 16, 17, 18, 19, 20, 21, 22, 23, 24, 25, 26, 27, 28, 29, 30, 31, 32, 33, 34, 35, 36, 37, 40, 41, 45, 46, 50, 51, 55, 56, 60, 61, 65, 66, 70, 71, 75, 76, 80, 81, 85, 86, 90, 91 ],;;;;;;;
[ 1, 2, 3, 25, 26, 27, 28, 50, 51, 75, 76, 100, 101, 125, 126, 127, 128, 150, 151, 152, 153, 175, 176, 200, 201, 225, 226, 250, 251, 252, 253, 275, 276, 277, 278, 300, 301, 325, 350, 375, 376, 377, 378, 400, 401, 402, 403, 425, 450, 475, 500, 501, 502, 525, 526, 527, 550, 575, 600 ];;;;;;;
];;;;;;;
5;2;2;189;59;4;true;[
[ 1, 2, 3, 4, 5, 6, 7, 8, 9, 10, 11, 12, 13, 14, 15, 16, 17, 18, 19, 20, 21, 22, 23, 24, 25, 26, 27, 28, 29, 30, 31, 32, 33, 34, 35, 36, 37, 40, 41, 45, 46, 50, 51, 55, 56, 60, 61, 65, 66, 70, 71, 75, 76, 80, 81, 85, 86, 100, 101 ],;;;;;;;
[ 1, 2, 3, 4, 25, 26, 27, 28, 29, 50, 51, 75, 76, 100, 101, 125, 126, 127, 128, 150, 151, 152, 153, 175, 176, 200, 201, 225, 226, 250, 251, 252, 253, 275, 276, 277, 278, 300, 301, 325, 350, 375, 376, 377, 400, 401, 402, 425, 450, 475, 500, 501, 502, 525, 526, 527, 550, 575, 600 ],;;;;;;;
[ 1, 2, 3, 4, 5, 6, 7, 8, 9, 10, 11, 12, 13, 14, 15, 16, 17, 18, 19, 20, 21, 22, 23, 24, 25, 26, 27, 28, 29, 30, 31, 32, 33, 34, 35, 36, 37, 40, 41, 45, 46, 50, 51, 55, 56, 60, 61, 65, 66, 70, 71, 75, 76, 80, 81, 85, 86, 90, 91 ],;;;;;;;
[ 1, 2, 3, 25, 26, 27, 28, 50, 51, 75, 76, 100, 101, 125, 126, 127, 128, 150, 151, 152, 153, 175, 176, 200, 201, 225, 226, 250, 251, 252, 253, 275, 276, 277, 278, 300, 301, 325, 350, 375, 376, 377, 378, 400, 401, 402, 403, 425, 450, 475, 500, 501, 502, 525, 526, 527, 550, 575, 600 ];;;;;;;
];;;;;;;
5;2;2;190;61;2;true;[
[ 1, 2, 3, 4, 5, 6, 7, 8, 9, 10, 11, 12, 13, 14, 15, 16, 17, 18, 19, 20, 21, 22, 23, 24, 25, 26, 27, 28, 29, 30, 31, 32, 33, 34, 35, 36, 37, 38, 40, 41, 45, 46, 50, 51, 55, 56, 60, 61, 65, 66, 70, 71, 75, 76, 80, 81, 85, 86, 90, 91, 95 ],;;;;;;;
[ 1, 2, 3, 25, 26, 27, 28, 50, 51, 75, 76, 100, 101, 125, 126, 127, 128, 150, 151, 152, 153, 175, 176, 200, 201, 225, 226, 250, 251, 252, 253, 275, 276, 277, 278, 300, 301, 325, 326, 350, 375, 376, 377, 378, 400, 401, 402, 403, 425, 450, 475, 500, 501, 502, 503, 525, 526, 527, 550, 575, 600 ];;;;;;;
];;;;;;;
5;2;2;191;61;6;true;[
[ 1, 2, 3, 4, 5, 6, 7, 8, 9, 10, 11, 12, 13, 14, 15, 16, 17, 18, 19, 20, 21, 22, 23, 24, 25, 26, 27, 28, 29, 30, 31, 32, 33, 34, 35, 36, 37, 38, 40, 41, 45, 46, 50, 51, 55, 56, 60, 61, 65, 66, 70, 71, 75, 76, 80, 81, 85, 86, 90, 100, 101 ],;;;;;;;
[ 1, 2, 3, 4, 25, 26, 27, 28, 29, 50, 51, 75, 76, 100, 101, 125, 126, 127, 128, 150, 151, 152, 153, 175, 176, 200, 201, 225, 226, 250, 251, 252, 253, 275, 276, 277, 278, 300, 301, 325, 326, 350, 375, 376, 377, 378, 400, 401, 402, 425, 450, 475, 500, 501, 502, 525, 526, 527, 550, 575, 600 ],;;;;;;;
[ 1, 2, 3, 4, 5, 6, 7, 8, 9, 10, 11, 12, 13, 14, 15, 16, 17, 18, 19, 20, 21, 22, 23, 24, 25, 26, 27, 28, 29, 30, 31, 32, 33, 34, 35, 36, 37, 38, 40, 41, 45, 46, 50, 51, 55, 56, 60, 61, 65, 66, 70, 71, 75, 76, 80, 81, 85, 86, 90, 91, 100 ],;;;;;;;
[ 1, 2, 3, 4, 5, 6, 7, 8, 9, 10, 11, 12, 13, 14, 15, 16, 17, 18, 19, 20, 21, 22, 23, 24, 25, 26, 27, 28, 29, 30, 31, 32, 33, 34, 35, 36, 37, 38, 40, 41, 45, 46, 50, 51, 55, 56, 60, 61, 65, 66, 70, 71, 75, 76, 80, 81, 85, 86, 90, 91, 95 ],;;;;;;;
[ 1, 2, 3, 4, 25, 26, 27, 28, 50, 51, 75, 76, 100, 101, 125, 126, 127, 128, 150, 151, 152, 153, 175, 176, 200, 201, 225, 226, 250, 251, 252, 253, 275, 276, 277, 278, 300, 301, 325, 326, 350, 375, 376, 377, 378, 400, 401, 402, 403, 425, 450, 475, 500, 501, 502, 525, 526, 527, 550, 575, 600 ],;;;;;;;
[ 1, 2, 3, 25, 26, 27, 28, 50, 51, 75, 76, 100, 101, 125, 126, 127, 128, 150, 151, 152, 153, 175, 176, 200, 201, 225, 226, 250, 251, 252, 253, 275, 276, 277, 278, 300, 301, 325, 326, 350, 375, 376, 377, 378, 400, 401, 402, 403, 425, 450, 475, 500, 501, 502, 503, 525, 526, 527, 550, 575, 600 ];;;;;;;
];;;;;;;
5;2;2;192;62;4;true;[
[ 1, 2, 3, 4, 5, 6, 7, 8, 9, 10, 11, 12, 13, 14, 15, 16, 17, 18, 19, 20, 21, 22, 23, 24, 25, 26, 27, 28, 29, 30, 31, 32, 33, 34, 35, 36, 37, 38, 40, 41, 45, 46, 50, 51, 55, 56, 60, 61, 65, 66, 70, 71, 75, 76, 80, 81, 85, 86, 90, 91, 100, 101 ],;;;;;;;
[ 1, 2, 3, 4, 25, 26, 27, 28, 29, 50, 51, 75, 76, 100, 101, 125, 126, 127, 128, 150, 151, 152, 153, 175, 176, 200, 201, 225, 226, 250, 251, 252, 253, 275, 276, 277, 278, 300, 301, 325, 326, 350, 375, 376, 377, 378, 400, 401, 402, 403, 425, 450, 475, 500, 501, 502, 525, 526, 527, 550, 575, 600 ],;;;;;;;
[ 1, 2, 3, 4, 5, 6, 7, 8, 9, 10, 11, 12, 13, 14, 15, 16, 17, 18, 19, 20, 21, 22, 23, 24, 25, 26, 27, 28, 29, 30, 31, 32, 33, 34, 35, 36, 37, 38, 40, 41, 45, 46, 50, 51, 55, 56, 60, 61, 65, 66, 70, 71, 75, 76, 80, 81, 85, 86, 90, 91, 95, 96 ],;;;;;;;
[ 1, 2, 3, 25, 26, 27, 28, 50, 51, 75, 76, 100, 101, 125, 126, 127, 128, 150, 151, 152, 153, 175, 176, 200, 201, 225, 226, 250, 251, 252, 253, 275, 276, 277, 278, 300, 301, 325, 326, 350, 375, 376, 377, 378, 400, 401, 402, 403, 425, 450, 475, 500, 501, 502, 503, 525, 526, 527, 528, 550, 575, 600 ];;;;;;;
];;;;;;;
5;2;2;193;62;4;true;[
[ 1, 2, 3, 4, 5, 6, 7, 8, 9, 10, 11, 12, 13, 14, 15, 16, 17, 18, 19, 20, 21, 22, 23, 24, 25, 26, 27, 28, 29, 30, 31, 32, 33, 34, 35, 36, 37, 38, 40, 41, 45, 46, 50, 51, 55, 56, 60, 61, 65, 66, 70, 71, 75, 76, 80, 81, 85, 86, 90, 91, 100, 101 ],;;;;;;;
[ 1, 2, 3, 4, 25, 26, 27, 28, 29, 50, 51, 75, 76, 100, 101, 125, 126, 127, 128, 150, 151, 152, 153, 175, 176, 200, 201, 225, 226, 250, 251, 252, 253, 275, 276, 277, 278, 300, 301, 325, 326, 350, 375, 376, 377, 378, 400, 401, 402, 403, 425, 450, 475, 500, 501, 502, 525, 526, 527, 550, 575, 600 ],;;;;;;;
[ 1, 2, 3, 4, 5, 6, 7, 8, 9, 10, 11, 12, 13, 14, 15, 16, 17, 18, 19, 20, 21, 22, 23, 24, 25, 26, 27, 28, 29, 30, 31, 32, 33, 34, 35, 36, 37, 38, 40, 41, 45, 46, 50, 51, 55, 56, 60, 61, 65, 66, 70, 71, 75, 76, 80, 81, 85, 86, 90, 91, 95, 96 ],;;;;;;;
[ 1, 2, 3, 25, 26, 27, 28, 50, 51, 75, 76, 100, 101, 125, 126, 127, 128, 150, 151, 152, 153, 175, 176, 200, 201, 225, 226, 250, 251, 252, 253, 275, 276, 277, 278, 300, 301, 325, 326, 350, 375, 376, 377, 378, 400, 401, 402, 403, 425, 450, 475, 500, 501, 502, 503, 525, 526, 527, 528, 550, 575, 600 ];;;;;;;
];;;;;;;
5;2;2;194;62;4;true;[
[ 1, 2, 3, 4, 5, 6, 7, 8, 9, 10, 11, 12, 13, 14, 15, 16, 17, 18, 19, 20, 21, 22, 23, 24, 25, 26, 27, 28, 29, 30, 31, 32, 33, 34, 35, 36, 37, 38, 40, 41, 45, 46, 50, 51, 55, 56, 60, 61, 65, 66, 70, 71, 75, 76, 80, 81, 85, 86, 90, 91, 100, 101 ],;;;;;;;
[ 1, 2, 3, 4, 25, 26, 27, 28, 29, 50, 51, 75, 76, 100, 101, 125, 126, 127, 128, 150, 151, 152, 153, 175, 176, 200, 201, 225, 226, 250, 251, 252, 253, 275, 276, 277, 278, 300, 301, 325, 326, 350, 375, 376, 377, 378, 400, 401, 402, 403, 425, 450, 475, 500, 501, 502, 525, 526, 527, 550, 575, 600 ],;;;;;;;
[ 1, 2, 3, 4, 5, 6, 7, 8, 9, 10, 11, 12, 13, 14, 15, 16, 17, 18, 19, 20, 21, 22, 23, 24, 25, 26, 27, 28, 29, 30, 31, 32, 33, 34, 35, 36, 37, 38, 40, 41, 45, 46, 50, 51, 55, 56, 60, 61, 65, 66, 70, 71, 75, 76, 80, 81, 85, 86, 90, 91, 95, 96 ],;;;;;;;
[ 1, 2, 3, 25, 26, 27, 28, 50, 51, 75, 76, 100, 101, 125, 126, 127, 128, 150, 151, 152, 153, 175, 176, 200, 201, 225, 226, 250, 251, 252, 253, 275, 276, 277, 278, 300, 301, 325, 326, 350, 375, 376, 377, 378, 400, 401, 402, 403, 425, 450, 475, 500, 501, 502, 503, 525, 526, 527, 528, 550, 575, 600 ];;;;;;;
];;;;;;;
5;2;2;195;63;6;true;[
[ 1, 2, 3, 4, 5, 6, 7, 8, 9, 10, 11, 12, 13, 14, 15, 16, 17, 18, 19, 20, 21, 22, 23, 24, 25, 26, 27, 28, 29, 30, 31, 32, 33, 34, 35, 36, 37, 38, 39, 40, 41, 45, 46, 50, 51, 55, 56, 60, 61, 65, 66, 70, 71, 75, 76, 80, 81, 85, 86, 90, 91, 100, 101 ],;;;;;;;
[ 1, 2, 3, 4, 25, 26, 27, 28, 29, 50, 51, 75, 76, 100, 101, 125, 126, 127, 128, 150, 151, 152, 153, 175, 176, 200, 201, 225, 226, 250, 251, 252, 253, 275, 276, 277, 278, 300, 301, 325, 326, 350, 351, 375, 376, 377, 378, 400, 401, 402, 403, 425, 450, 475, 500, 501, 502, 525, 526, 527, 550, 575, 600 ],;;;;;;;
[ 1, 2, 3, 4, 5, 6, 7, 8, 9, 10, 11, 12, 13, 14, 15, 16, 17, 18, 19, 20, 21, 22, 23, 24, 25, 26, 27, 28, 29, 30, 31, 32, 33, 34, 35, 36, 37, 38, 39, 40, 41, 45, 46, 50, 51, 55, 56, 60, 61, 65, 66, 70, 71, 75, 76, 80, 81, 85, 86, 90, 91, 95, 100 ],;;;;;;;
[ 1, 2, 3, 4, 5, 6, 7, 8, 9, 10, 11, 12, 13, 14, 15, 16, 17, 18, 19, 20, 21, 22, 23, 24, 25, 26, 27, 28, 29, 30, 31, 32, 33, 34, 35, 36, 37, 38, 39, 40, 41, 45, 46, 50, 51, 55, 56, 60, 61, 65, 66, 70, 71, 75, 76, 80, 81, 85, 86, 90, 91, 95, 96 ],;;;;;;;
[ 1, 2, 3, 4, 25, 26, 27, 28, 50, 51, 75, 76, 100, 101, 125, 126, 127, 128, 150, 151, 152, 153, 175, 176, 200, 201, 225, 226, 250, 251, 252, 253, 275, 276, 277, 278, 300, 301, 325, 326, 350, 351, 375, 376, 377, 378, 400, 401, 402, 403, 425, 450, 475, 500, 501, 502, 503, 525, 526, 527, 550, 575, 600 ],;;;;;;;
[ 1, 2, 3, 25, 26, 27, 28, 50, 51, 75, 76, 100, 101, 125, 126, 127, 128, 150, 151, 152, 153, 175, 176, 200, 201, 225, 226, 250, 251, 252, 253, 275, 276, 277, 278, 300, 301, 325, 326, 350, 351, 375, 376, 377, 378, 400, 401, 402, 403, 425, 450, 475, 500, 501, 502, 503, 525, 526, 527, 528, 550, 575, 600 ];;;;;;;
];;;;;;;
5;2;2;196;64;4;true;[
[ 1, 2, 3, 4, 5, 6, 7, 8, 9, 10, 11, 12, 13, 14, 15, 16, 17, 18, 19, 20, 21, 22, 23, 24, 25, 26, 27, 28, 29, 30, 31, 32, 33, 34, 35, 36, 37, 38, 39, 40, 41, 45, 46, 50, 51, 55, 56, 60, 61, 65, 66, 70, 71, 75, 76, 80, 81, 85, 86, 90, 91, 95, 100, 101 ],;;;;;;;
[ 1, 2, 3, 4, 25, 26, 27, 28, 29, 50, 51, 75, 76, 100, 101, 125, 126, 127, 128, 150, 151, 152, 153, 175, 176, 200, 201, 225, 226, 250, 251, 252, 253, 275, 276, 277, 278, 300, 301, 325, 326, 350, 351, 375, 376, 377, 378, 400, 401, 402, 403, 425, 450, 475, 500, 501, 502, 503, 525, 526, 527, 550, 575, 600 ],;;;;;;;
[ 1, 2, 3, 4, 5, 6, 7, 8, 9, 10, 11, 12, 13, 14, 15, 16, 17, 18, 19, 20, 21, 22, 23, 24, 25, 26, 27, 28, 29, 30, 31, 32, 33, 34, 35, 36, 37, 38, 39, 40, 41, 45, 46, 50, 51, 55, 56, 60, 61, 65, 66, 70, 71, 75, 76, 80, 81, 85, 86, 90, 91, 95, 96, 100 ],;;;;;;;
[ 1, 2, 3, 4, 25, 26, 27, 28, 50, 51, 75, 76, 100, 101, 125, 126, 127, 128, 150, 151, 152, 153, 175, 176, 200, 201, 225, 226, 250, 251, 252, 253, 275, 276, 277, 278, 300, 301, 325, 326, 350, 351, 375, 376, 377, 378, 400, 401, 402, 403, 425, 450, 475, 500, 501, 502, 503, 525, 526, 527, 528, 550, 575, 600 ];;;;;;;
];;;;;;;
5;2;2;197;65;2;true;[
[ 1, 2, 3, 4, 5, 6, 7, 8, 9, 10, 11, 12, 13, 14, 15, 16, 17, 18, 19, 20, 21, 22, 23, 24, 25, 26, 27, 28, 29, 30, 31, 32, 33, 34, 35, 36, 37, 38, 39, 40, 41, 45, 46, 50, 51, 55, 56, 60, 61, 65, 66, 70, 71, 75, 76, 80, 81, 85, 86, 90, 91, 95, 96, 100, 101 ],;;;;;;;
[ 1, 2, 3, 4, 25, 26, 27, 28, 29, 50, 51, 75, 76, 100, 101, 125, 126, 127, 128, 150, 151, 152, 153, 175, 176, 200, 201, 225, 226, 250, 251, 252, 253, 275, 276, 277, 278, 300, 301, 325, 326, 350, 351, 375, 376, 377, 378, 400, 401, 402, 403, 425, 450, 475, 500, 501, 502, 503, 525, 526, 527, 528, 550, 575, 600 ];;;;;;;
];;;;;;;
5;2;2;198;65;2;true;[
[ 1, 2, 3, 4, 5, 6, 7, 8, 9, 10, 11, 12, 13, 14, 15, 16, 17, 18, 19, 20, 21, 22, 23, 24, 25, 26, 27, 28, 29, 30, 31, 32, 33, 34, 35, 36, 37, 38, 39, 40, 41, 45, 46, 50, 51, 55, 56, 60, 61, 65, 66, 70, 71, 75, 76, 80, 81, 85, 86, 90, 91, 95, 96, 100, 101 ],;;;;;;;
[ 1, 2, 3, 4, 25, 26, 27, 28, 29, 50, 51, 75, 76, 100, 101, 125, 126, 127, 128, 150, 151, 152, 153, 175, 176, 200, 201, 225, 226, 250, 251, 252, 253, 275, 276, 277, 278, 300, 301, 325, 326, 350, 351, 375, 376, 377, 378, 400, 401, 402, 403, 425, 450, 475, 500, 501, 502, 503, 525, 526, 527, 528, 550, 575, 600 ];;;;;;;
];;;;;;;
5;2;2;199;65;2;true;[
[ 1, 2, 3, 4, 5, 6, 7, 8, 9, 10, 11, 12, 13, 14, 15, 16, 17, 18, 19, 20, 21, 22, 23, 24, 25, 26, 27, 28, 29, 30, 31, 32, 33, 34, 35, 36, 37, 38, 39, 40, 41, 45, 46, 50, 51, 55, 56, 60, 61, 65, 66, 70, 71, 75, 76, 80, 81, 85, 86, 90, 91, 95, 96, 100, 101 ],;;;;;;;
[ 1, 2, 3, 4, 25, 26, 27, 28, 29, 50, 51, 75, 76, 100, 101, 125, 126, 127, 128, 150, 151, 152, 153, 175, 176, 200, 201, 225, 226, 250, 251, 252, 253, 275, 276, 277, 278, 300, 301, 325, 326, 350, 351, 375, 376, 377, 378, 400, 401, 402, 403, 425, 450, 475, 500, 501, 502, 503, 525, 526, 527, 528, 550, 575, 600 ];;;;;;;
];;;;;;;
5;2;2;200;65;2;true;[
[ 1, 2, 3, 4, 5, 6, 7, 8, 9, 10, 11, 12, 13, 14, 15, 16, 17, 18, 19, 20, 21, 22, 23, 24, 25, 26, 27, 28, 29, 30, 31, 32, 33, 34, 35, 36, 37, 38, 39, 40, 41, 45, 46, 50, 51, 55, 56, 60, 61, 65, 66, 70, 71, 75, 76, 80, 81, 85, 86, 90, 91, 95, 96, 100, 101 ],;;;;;;;
[ 1, 2, 3, 4, 25, 26, 27, 28, 29, 50, 51, 75, 76, 100, 101, 125, 126, 127, 128, 150, 151, 152, 153, 175, 176, 200, 201, 225, 226, 250, 251, 252, 253, 275, 276, 277, 278, 300, 301, 325, 326, 350, 351, 375, 376, 377, 378, 400, 401, 402, 403, 425, 450, 475, 500, 501, 502, 503, 525, 526, 527, 528, 550, 575, 600 ];;;;;;;
];;;;;;;
5;2;2;201;65;2;true;[
[ 1, 2, 3, 4, 5, 6, 7, 8, 9, 10, 11, 12, 13, 14, 15, 16, 17, 18, 19, 20, 21, 22, 23, 24, 25, 26, 27, 28, 29, 30, 31, 32, 33, 34, 35, 36, 37, 38, 39, 40, 41, 45, 46, 50, 51, 55, 56, 60, 61, 65, 66, 70, 71, 75, 76, 80, 81, 85, 86, 90, 91, 95, 96, 100, 101 ],;;;;;;;
[ 1, 2, 3, 4, 25, 26, 27, 28, 29, 50, 51, 75, 76, 100, 101, 125, 126, 127, 128, 150, 151, 152, 153, 175, 176, 200, 201, 225, 226, 250, 251, 252, 253, 275, 276, 277, 278, 300, 301, 325, 326, 350, 351, 375, 376, 377, 378, 400, 401, 402, 403, 425, 450, 475, 500, 501, 502, 503, 525, 526, 527, 528, 550, 575, 600 ];;;;;;;
];;;;;;;
5;2;2;202;65;2;true;[
[ 1, 2, 3, 4, 5, 6, 7, 8, 9, 10, 11, 12, 13, 14, 15, 16, 17, 18, 19, 20, 21, 22, 23, 24, 25, 26, 27, 28, 29, 30, 31, 32, 33, 34, 35, 36, 37, 38, 39, 40, 41, 45, 46, 50, 51, 55, 56, 60, 61, 65, 66, 70, 71, 75, 76, 80, 81, 85, 86, 90, 91, 95, 96, 100, 101 ],;;;;;;;
[ 1, 2, 3, 4, 25, 26, 27, 28, 29, 50, 51, 75, 76, 100, 101, 125, 126, 127, 128, 150, 151, 152, 153, 175, 176, 200, 201, 225, 226, 250, 251, 252, 253, 275, 276, 277, 278, 300, 301, 325, 326, 350, 351, 375, 376, 377, 378, 400, 401, 402, 403, 425, 450, 475, 500, 501, 502, 503, 525, 526, 527, 528, 550, 575, 600 ];;;;;;;
];;;;;;;
5;2;2;203;65;2;true;[
[ 1, 2, 3, 4, 5, 6, 7, 8, 9, 10, 11, 12, 13, 14, 15, 16, 17, 18, 19, 20, 21, 22, 23, 24, 25, 26, 27, 28, 29, 30, 31, 32, 33, 34, 35, 36, 37, 38, 39, 40, 41, 45, 46, 50, 51, 55, 56, 60, 61, 65, 66, 70, 71, 75, 76, 80, 81, 85, 86, 90, 91, 95, 96, 100, 101 ],;;;;;;;
[ 1, 2, 3, 4, 25, 26, 27, 28, 29, 50, 51, 75, 76, 100, 101, 125, 126, 127, 128, 150, 151, 152, 153, 175, 176, 200, 201, 225, 226, 250, 251, 252, 253, 275, 276, 277, 278, 300, 301, 325, 326, 350, 351, 375, 376, 377, 378, 400, 401, 402, 403, 425, 450, 475, 500, 501, 502, 503, 525, 526, 527, 528, 550, 575, 600 ];;;;;;;
];;;;;;;
5;2;2;204;65;2;true;[
[ 1, 2, 3, 4, 5, 6, 7, 8, 9, 10, 11, 12, 13, 14, 15, 16, 17, 18, 19, 20, 21, 22, 23, 24, 25, 26, 27, 28, 29, 30, 31, 32, 33, 34, 35, 36, 37, 38, 39, 40, 41, 45, 46, 50, 51, 55, 56, 60, 61, 65, 66, 70, 71, 75, 76, 80, 81, 85, 86, 90, 91, 95, 96, 100, 101 ],;;;;;;;
[ 1, 2, 3, 4, 25, 26, 27, 28, 29, 50, 51, 75, 76, 100, 101, 125, 126, 127, 128, 150, 151, 152, 153, 175, 176, 200, 201, 225, 226, 250, 251, 252, 253, 275, 276, 277, 278, 300, 301, 325, 326, 350, 351, 375, 376, 377, 378, 400, 401, 402, 403, 425, 450, 475, 500, 501, 502, 503, 525, 526, 527, 528, 550, 575, 600 ];;;;;;;
];;;;;;;
5;2;2;205;65;2;true;[
[ 1, 2, 3, 4, 5, 6, 7, 8, 9, 10, 11, 12, 13, 14, 15, 16, 17, 18, 19, 20, 21, 22, 23, 24, 25, 26, 27, 28, 29, 30, 31, 32, 33, 34, 35, 36, 37, 38, 39, 40, 41, 45, 46, 50, 51, 55, 56, 60, 61, 65, 66, 70, 71, 75, 76, 80, 81, 85, 86, 90, 91, 95, 96, 100, 101 ],;;;;;;;
[ 1, 2, 3, 4, 25, 26, 27, 28, 29, 50, 51, 75, 76, 100, 101, 125, 126, 127, 128, 150, 151, 152, 153, 175, 176, 200, 201, 225, 226, 250, 251, 252, 253, 275, 276, 277, 278, 300, 301, 325, 326, 350, 351, 375, 376, 377, 378, 400, 401, 402, 403, 425, 450, 475, 500, 501, 502, 503, 525, 526, 527, 528, 550, 575, 600 ];;;;;;;
];;;;;;;
5;2;2;206;65;2;true;[
[ 1, 2, 3, 4, 5, 6, 7, 8, 9, 10, 11, 12, 13, 14, 15, 16, 17, 18, 19, 20, 21, 22, 23, 24, 25, 26, 27, 28, 29, 30, 31, 32, 33, 34, 35, 36, 37, 38, 39, 40, 41, 45, 46, 50, 51, 55, 56, 60, 61, 65, 66, 70, 71, 75, 76, 80, 81, 85, 86, 90, 91, 95, 96, 100, 101 ],;;;;;;;
[ 1, 2, 3, 4, 25, 26, 27, 28, 29, 50, 51, 75, 76, 100, 101, 125, 126, 127, 128, 150, 151, 152, 153, 175, 176, 200, 201, 225, 226, 250, 251, 252, 253, 275, 276, 277, 278, 300, 301, 325, 326, 350, 351, 375, 376, 377, 378, 400, 401, 402, 403, 425, 450, 475, 500, 501, 502, 503, 525, 526, 527, 528, 550, 575, 600 ];;;;;;;
];;;;;;;
5;2;2;207;65;2;true;[
[ 1, 2, 3, 4, 5, 6, 7, 8, 9, 10, 11, 12, 13, 14, 15, 16, 17, 18, 19, 20, 21, 22, 23, 24, 25, 26, 27, 28, 29, 30, 31, 32, 33, 34, 35, 36, 37, 38, 39, 40, 41, 45, 46, 50, 51, 55, 56, 60, 61, 65, 66, 70, 71, 75, 76, 80, 81, 85, 86, 90, 91, 95, 96, 100, 101 ],;;;;;;;
[ 1, 2, 3, 4, 25, 26, 27, 28, 29, 50, 51, 75, 76, 100, 101, 125, 126, 127, 128, 150, 151, 152, 153, 175, 176, 200, 201, 225, 226, 250, 251, 252, 253, 275, 276, 277, 278, 300, 301, 325, 326, 350, 351, 375, 376, 377, 378, 400, 401, 402, 403, 425, 450, 475, 500, 501, 502, 503, 525, 526, 527, 528, 550, 575, 600 ];;;;;;;
];;;;;;;
5;2;2;208;65;2;true;[
[ 1, 2, 3, 4, 5, 6, 7, 8, 9, 10, 11, 12, 13, 14, 15, 16, 17, 18, 19, 20, 21, 22, 23, 24, 25, 26, 27, 28, 29, 30, 31, 32, 33, 34, 35, 36, 37, 38, 39, 40, 41, 45, 46, 50, 51, 55, 56, 60, 61, 65, 66, 70, 71, 75, 76, 80, 81, 85, 86, 90, 91, 95, 96, 100, 101 ],;;;;;;;
[ 1, 2, 3, 4, 25, 26, 27, 28, 29, 50, 51, 75, 76, 100, 101, 125, 126, 127, 128, 150, 151, 152, 153, 175, 176, 200, 201, 225, 226, 250, 251, 252, 253, 275, 276, 277, 278, 300, 301, 325, 326, 350, 351, 375, 376, 377, 378, 400, 401, 402, 403, 425, 450, 475, 500, 501, 502, 503, 525, 526, 527, 528, 550, 575, 600 ];;;;;;;
];;;;;;;
5;2;2;209;65;2;true;[
[ 1, 2, 3, 4, 5, 6, 7, 8, 9, 10, 11, 12, 13, 14, 15, 16, 17, 18, 19, 20, 21, 22, 23, 24, 25, 26, 27, 28, 29, 30, 31, 32, 33, 34, 35, 36, 37, 38, 39, 40, 41, 45, 46, 50, 51, 55, 56, 60, 61, 65, 66, 70, 71, 75, 76, 80, 81, 85, 86, 90, 91, 95, 96, 100, 101 ],;;;;;;;
[ 1, 2, 3, 4, 25, 26, 27, 28, 29, 50, 51, 75, 76, 100, 101, 125, 126, 127, 128, 150, 151, 152, 153, 175, 176, 200, 201, 225, 226, 250, 251, 252, 253, 275, 276, 277, 278, 300, 301, 325, 326, 350, 351, 375, 376, 377, 378, 400, 401, 402, 403, 425, 450, 475, 500, 501, 502, 503, 525, 526, 527, 528, 550, 575, 600 ];;;;;;;
];;;;;;;
5;2;2;210;67;2;true;[
[ 1, 2, 3, 4, 5, 6, 7, 8, 9, 10, 11, 12, 13, 14, 15, 16, 17, 18, 19, 20, 21, 22, 23, 24, 25, 26, 27, 28, 29, 30, 31, 32, 33, 34, 35, 36, 37, 38, 39, 40, 41, 42, 45, 46, 50, 51, 55, 56, 60, 61, 65, 66, 70, 71, 75, 76, 80, 81, 85, 86, 90, 91, 95, 96, 100, 101, 105 ],;;;;;;;
[ 1, 2, 3, 4, 25, 26, 27, 28, 29, 50, 51, 75, 76, 100, 101, 125, 126, 127, 128, 129, 150, 151, 152, 153, 175, 176, 200, 201, 225, 226, 250, 251, 252, 253, 275, 276, 277, 278, 300, 301, 325, 326, 350, 351, 375, 376, 377, 378, 400, 401, 402, 403, 425, 426, 450, 475, 500, 501, 502, 503, 525, 526, 527, 528, 550, 575, 600 ];;;;;;;
];;;;;;;
5;2;2;211;67;2;true;[
[ 1, 2, 3, 4, 5, 6, 7, 8, 9, 10, 11, 12, 13, 14, 15, 16, 17, 18, 19, 20, 21, 22, 23, 24, 25, 26, 27, 28, 29, 30, 31, 32, 33, 34, 35, 36, 37, 38, 39, 40, 41, 42, 45, 46, 50, 51, 55, 56, 60, 61, 65, 66, 70, 71, 75, 76, 80, 81, 85, 86, 90, 91, 95, 96, 100, 101, 105 ],;;;;;;;
[ 1, 2, 3, 4, 25, 26, 27, 28, 29, 50, 51, 75, 76, 100, 101, 125, 126, 127, 128, 129, 150, 151, 152, 153, 175, 176, 200, 201, 225, 226, 250, 251, 252, 253, 275, 276, 277, 278, 300, 301, 325, 326, 350, 351, 375, 376, 377, 378, 400, 401, 402, 403, 425, 426, 450, 475, 500, 501, 502, 503, 525, 526, 527, 528, 550, 575, 600 ];;;;;;;
];;;;;;;
5;2;2;212;68;2;true;[
[ 1, 2, 3, 4, 5, 6, 7, 8, 9, 10, 11, 12, 13, 14, 15, 16, 17, 18, 19, 20, 21, 22, 23, 24, 25, 26, 27, 28, 29, 30, 31, 32, 33, 34, 35, 36, 37, 38, 39, 40, 41, 42, 45, 46, 50, 51, 55, 56, 60, 61, 65, 66, 70, 71, 75, 76, 80, 81, 85, 86, 90, 91, 95, 96, 100, 101, 105, 106 ],;;;;;;;
[ 1, 2, 3, 4, 25, 26, 27, 28, 29, 50, 51, 75, 76, 100, 101, 125, 126, 127, 128, 129, 150, 151, 152, 153, 154, 175, 176, 200, 201, 225, 226, 250, 251, 252, 253, 275, 276, 277, 278, 300, 301, 325, 326, 350, 351, 375, 376, 377, 378, 400, 401, 402, 403, 425, 426, 450, 475, 500, 501, 502, 503, 525, 526, 527, 528, 550, 575, 600 ];;;;;;;
];;;;;;;
5;2;2;213;68;2;true;[
[ 1, 2, 3, 4, 5, 6, 7, 8, 9, 10, 11, 12, 13, 14, 15, 16, 17, 18, 19, 20, 21, 22, 23, 24, 25, 26, 27, 28, 29, 30, 31, 32, 33, 34, 35, 36, 37, 38, 39, 40, 41, 42, 45, 46, 50, 51, 55, 56, 60, 61, 65, 66, 70, 71, 75, 76, 80, 81, 85, 86, 90, 91, 95, 96, 100, 101, 105, 106 ],;;;;;;;
[ 1, 2, 3, 4, 25, 26, 27, 28, 29, 50, 51, 75, 76, 100, 101, 125, 126, 127, 128, 129, 150, 151, 152, 153, 154, 175, 176, 200, 201, 225, 226, 250, 251, 252, 253, 275, 276, 277, 278, 300, 301, 325, 326, 350, 351, 375, 376, 377, 378, 400, 401, 402, 403, 425, 426, 450, 475, 500, 501, 502, 503, 525, 526, 527, 528, 550, 575, 600 ];;;;;;;
];;;;;;;
5;2;2;214;68;2;true;[
[ 1, 2, 3, 4, 5, 6, 7, 8, 9, 10, 11, 12, 13, 14, 15, 16, 17, 18, 19, 20, 21, 22, 23, 24, 25, 26, 27, 28, 29, 30, 31, 32, 33, 34, 35, 36, 37, 38, 39, 40, 41, 42, 45, 46, 50, 51, 55, 56, 60, 61, 65, 66, 70, 71, 75, 76, 80, 81, 85, 86, 90, 91, 95, 96, 100, 101, 105, 106 ],;;;;;;;
[ 1, 2, 3, 4, 25, 26, 27, 28, 29, 50, 51, 75, 76, 100, 101, 125, 126, 127, 128, 129, 150, 151, 152, 153, 154, 175, 176, 200, 201, 225, 226, 250, 251, 252, 253, 275, 276, 277, 278, 300, 301, 325, 326, 350, 351, 375, 376, 377, 378, 400, 401, 402, 403, 425, 426, 450, 475, 500, 501, 502, 503, 525, 526, 527, 528, 550, 575, 600 ];;;;;;;
];;;;;;;
5;2;2;215;69;2;true;[
[ 1, 2, 3, 4, 5, 6, 7, 8, 9, 10, 11, 12, 13, 14, 15, 16, 17, 18, 19, 20, 21, 22, 23, 24, 25, 26, 27, 28, 29, 30, 31, 32, 33, 34, 35, 36, 37, 38, 39, 40, 41, 42, 43, 45, 46, 50, 51, 55, 56, 60, 61, 65, 66, 70, 71, 75, 76, 80, 81, 85, 86, 90, 91, 95, 96, 100, 101, 105, 106 ],;;;;;;;
[ 1, 2, 3, 4, 25, 26, 27, 28, 29, 50, 51, 75, 76, 100, 101, 125, 126, 127, 128, 129, 150, 151, 152, 153, 154, 175, 176, 200, 201, 225, 226, 250, 251, 252, 253, 275, 276, 277, 278, 300, 301, 325, 326, 350, 351, 375, 376, 377, 378, 400, 401, 402, 403, 425, 426, 450, 451, 475, 500, 501, 502, 503, 525, 526, 527, 528, 550, 575, 600 ];;;;;;;
];;;;;;;
5;2;2;216;69;2;true;[
[ 1, 2, 3, 4, 5, 6, 7, 8, 9, 10, 11, 12, 13, 14, 15, 16, 17, 18, 19, 20, 21, 22, 23, 24, 25, 26, 27, 28, 29, 30, 31, 32, 33, 34, 35, 36, 37, 38, 39, 40, 41, 42, 43, 45, 46, 50, 51, 55, 56, 60, 61, 65, 66, 70, 71, 75, 76, 80, 81, 85, 86, 90, 91, 95, 96, 100, 101, 105, 106 ],;;;;;;;
[ 1, 2, 3, 4, 25, 26, 27, 28, 29, 50, 51, 75, 76, 100, 101, 125, 126, 127, 128, 129, 150, 151, 152, 153, 154, 175, 176, 200, 201, 225, 226, 250, 251, 252, 253, 275, 276, 277, 278, 300, 301, 325, 326, 350, 351, 375, 376, 377, 378, 400, 401, 402, 403, 425, 426, 450, 451, 475, 500, 501, 502, 503, 525, 526, 527, 528, 550, 575, 600 ];;;;;;;
];;;;;;;
5;2;2;217;69;8;true;[
[ 1, 2, 3, 4, 5, 6, 7, 8, 9, 10, 11, 12, 13, 14, 15, 16, 17, 18, 19, 20, 21, 22, 23, 24, 25, 26, 27, 28, 29, 30, 31, 32, 33, 34, 35, 36, 37, 38, 39, 40, 41, 42, 43, 45, 46, 50, 51, 55, 56, 60, 61, 65, 66, 70, 71, 75, 76, 80, 81, 85, 86, 90, 100, 101, 105, 106, 125, 126, 127 ],;;;;;;;
[ 1, 2, 3, 4, 5, 6, 7, 8, 9, 10, 11, 12, 13, 14, 15, 16, 17, 18, 19, 20, 21, 22, 23, 24, 25, 26, 27, 28, 29, 30, 31, 32, 33, 34, 35, 36, 37, 38, 39, 40, 41, 42, 43, 45, 46, 50, 51, 55, 56, 60, 61, 65, 66, 70, 71, 75, 76, 80, 81, 85, 86, 90, 91, 100, 101, 105, 106, 125, 126 ],;;;;;;;
[ 1, 2, 3, 4, 5, 6, 7, 8, 9, 10, 11, 12, 13, 14, 15, 16, 17, 18, 19, 20, 21, 22, 23, 24, 25, 26, 27, 28, 29, 30, 31, 32, 33, 34, 35, 36, 37, 38, 39, 40, 41, 42, 43, 45, 46, 50, 51, 55, 56, 60, 61, 65, 66, 70, 71, 75, 76, 80, 81, 85, 86, 90, 91, 95, 96, 100, 101, 105, 106 ],;;;;;;;
[ 1, 2, 3, 4, 5, 6, 7, 8, 9, 10, 11, 12, 13, 14, 15, 16, 17, 18, 19, 20, 21, 22, 23, 24, 25, 26, 27, 28, 29, 30, 31, 32, 33, 34, 35, 36, 37, 38, 39, 40, 41, 42, 43, 45, 46, 50, 51, 55, 56, 60, 61, 65, 66, 70, 71, 75, 76, 80, 81, 85, 86, 90, 91, 95, 96, 100, 101, 115, 116 ],;;;;;;;
[ 1, 2, 3, 4, 5, 25, 26, 27, 28, 29, 30, 50, 51, 55, 75, 76, 100, 101, 125, 126, 127, 128, 129, 150, 151, 152, 153, 154, 175, 176, 200, 201, 225, 226, 250, 251, 252, 253, 275, 276, 277, 278, 300, 301, 325, 326, 350, 351, 375, 376, 377, 378, 400, 401, 402, 425, 426, 450, 451, 475, 500, 501, 502, 525, 526, 527, 550, 575, 600 ],;;;;;;;
[ 1, 2, 3, 4, 5, 25, 26, 27, 28, 29, 30, 50, 51, 75, 76, 100, 101, 125, 126, 127, 128, 129, 150, 151, 152, 153, 154, 175, 176, 200, 201, 225, 226, 250, 251, 252, 253, 275, 276, 277, 278, 300, 301, 325, 326, 350, 351, 375, 376, 377, 378, 400, 401, 402, 403, 425, 426, 450, 451, 475, 500, 501, 502, 525, 526, 527, 550, 575, 600 ],;;;;;;;
[ 1, 2, 3, 4, 25, 26, 27, 28, 29, 50, 51, 75, 76, 100, 101, 125, 126, 127, 128, 129, 150, 151, 152, 153, 154, 175, 176, 200, 201, 225, 226, 250, 251, 252, 253, 275, 276, 277, 278, 300, 301, 325, 326, 350, 351, 375, 376, 377, 378, 400, 401, 402, 403, 425, 426, 450, 451, 475, 500, 501, 502, 503, 525, 526, 527, 528, 550, 575, 600 ],;;;;;;;
[ 1, 2, 3, 4, 25, 26, 27, 28, 29, 50, 51, 75, 76, 100, 101, 125, 126, 127, 128, 150, 151, 152, 153, 175, 176, 200, 201, 225, 226, 250, 251, 252, 253, 275, 276, 277, 278, 300, 301, 325, 326, 350, 351, 375, 376, 377, 378, 379, 400, 401, 402, 403, 404, 425, 426, 450, 451, 475, 500, 501, 502, 503, 525, 526, 527, 528, 550, 575, 600 ];;;;;;;
];;;;;;;
5;2;2;218;70;2;false;[
[ 1, 2, 3, 4, 5, 6, 7, 8, 9, 10, 11, 12, 13, 14, 15, 16, 17, 18, 19, 20, 21, 22, 23, 24, 25, 26, 27, 28, 29, 30, 31, 32, 33, 34, 35, 36, 37, 38, 39, 40, 41, 42, 43, 45, 46, 50, 51, 55, 56, 60, 61, 65, 66, 70, 71, 75, 76, 80, 81, 85, 86, 90, 91, 100, 101, 105, 106, 125, 126, 127 ],;;;;;;;
[ 1, 2, 3, 4, 5, 25, 26, 27, 28, 29, 30, 50, 51, 55, 75, 76, 100, 101, 125, 126, 127, 128, 129, 150, 151, 152, 153, 154, 175, 176, 200, 201, 225, 226, 250, 251, 252, 253, 275, 276, 277, 278, 300, 301, 325, 326, 350, 351, 375, 376, 377, 378, 400, 401, 402, 403, 425, 426, 450, 451, 475, 500, 501, 502, 525, 526, 527, 550, 575, 600 ];;;;;;;
];;;;;;;
